Date,Open,High,Low,Close,Adj Close,Volume
2016-04-28 00:00:00,22.736000061035156,22.736000061035156,22.736000061035156,22.736000061035156,22.736000061035156,0.0
2016-04-29 00:00:00,22.552000045776367,22.552000045776367,22.552000045776367,22.552000045776367,22.552000045776367,100.0
2016-05-02 00:00:00,22.552000045776367,22.552000045776367,22.552000045776367,22.552000045776367,22.552000045776367,0.0
2016-05-03 00:00:00,22.579999923706055,22.59000015258789,22.479999542236328,22.59000015258789,22.59000015258789,3300.0
2016-05-04 00:00:00,22.575000762939453,22.604999542236328,22.4950008392334,22.4950008392334,22.4950008392334,2800.0
2016-05-05 00:00:00,22.700000762939453,22.700000762939453,22.510000228881836,22.599000930786133,22.599000930786133,900.0
2016-05-06 00:00:00,22.608999252319336,22.61400032043457,22.608999252319336,22.61400032043457,22.61400032043457,600.0
2016-05-09 00:00:00,22.510000228881836,22.538000106811523,22.510000228881836,22.538000106811523,22.538000106811523,1700.0
2016-05-10 00:00:00,22.649999618530273,22.649999618530273,22.513999938964844,22.513999938964844,22.513999938964844,600.0
2016-05-11 00:00:00,22.586000442504883,22.586000442504883,22.586000442504883,22.586000442504883,22.586000442504883,700.0
2016-05-12 00:00:00,22.509000778198242,22.509000778198242,22.509000778198242,22.509000778198242,22.509000778198242,600.0
2016-05-13 00:00:00,22.447999954223633,22.56999969482422,22.447999954223633,22.54800033569336,22.54800033569336,3300.0
2016-05-16 00:00:00,22.608999252319336,22.608999252319336,22.608999252319336,22.608999252319336,22.608999252319336,300.0
2016-05-17 00:00:00,22.503000259399414,22.503000259399414,22.503000259399414,22.503000259399414,22.503000259399414,200.0
2016-05-18 00:00:00,22.530000686645508,22.530000686645508,22.530000686645508,22.530000686645508,22.530000686645508,900.0
2016-05-19 00:00:00,22.3799991607666,22.479000091552734,22.3799991607666,22.479000091552734,22.479000091552734,3600.0
2016-05-20 00:00:00,22.479000091552734,22.479000091552734,22.479000091552734,22.479000091552734,22.479000091552734,100.0
2016-05-23 00:00:00,22.48200035095215,22.48200035095215,22.48200035095215,22.48200035095215,22.48200035095215,300.0
2016-05-24 00:00:00,22.524999618530273,22.530000686645508,22.524999618530273,22.524999618530273,22.524999618530273,700.0
2016-05-25 00:00:00,22.350000381469727,22.579999923706055,22.350000381469727,22.56999969482422,22.56999969482422,3900.0
2016-05-26 00:00:00,22.582000732421875,22.582000732421875,22.582000732421875,22.582000732421875,22.582000732421875,200.0
2016-05-27 00:00:00,22.549999237060547,22.552000045776367,22.447999954223633,22.447999954223633,22.447999954223633,2900.0
2016-05-31 00:00:00,22.670000076293945,22.670000076293945,22.670000076293945,22.670000076293945,22.670000076293945,700.0
2016-06-01 00:00:00,22.507999420166016,22.507999420166016,22.507999420166016,22.507999420166016,22.507999420166016,300.0
2016-06-02 00:00:00,22.639999389648438,22.639999389648438,20.969999313354492,22.582000732421875,22.582000732421875,13000.0
2016-06-03 00:00:00,22.579999923706055,22.709999084472656,22.579999923706055,22.709999084472656,22.709999084472656,1300.0
2016-06-06 00:00:00,22.649999618530273,22.709999084472656,22.649999618530273,22.700000762939453,22.700000762939453,3200.0
2016-06-07 00:00:00,22.700000762939453,22.700000762939453,22.700000762939453,22.700000762939453,22.700000762939453,0.0
2016-06-08 00:00:00,22.777999877929688,22.777999877929688,22.68199920654297,22.757999420166016,22.757999420166016,1300.0
2016-06-09 00:00:00,22.756999969482422,22.756999969482422,22.670000076293945,22.7549991607666,22.7549991607666,4300.0
2016-06-10 00:00:00,22.729000091552734,22.729000091552734,22.729000091552734,22.729000091552734,22.729000091552734,300.0
2016-06-13 00:00:00,22.65999984741211,22.66699981689453,22.6560001373291,22.6560001373291,22.6560001373291,800.0
2016-06-14 00:00:00,22.6560001373291,22.6560001373291,22.6560001373291,22.6560001373291,22.6560001373291,0.0
2016-06-15 00:00:00,22.510000228881836,22.64699935913086,22.510000228881836,22.607999801635742,22.607999801635742,1100.0
2016-06-16 00:00:00,22.549999237060547,22.615999221801758,22.549999237060547,22.615999221801758,22.615999221801758,2000.0
2016-06-17 00:00:00,22.60300064086914,22.649999618530273,22.524999618530273,22.524999618530273,22.524999618530273,1200.0
2016-06-20 00:00:00,22.579999923706055,22.69099998474121,22.559999465942383,22.69099998474121,22.69099998474121,15800.0
2016-06-21 00:00:00,22.690000534057617,22.690000534057617,22.56999969482422,22.56999969482422,22.56999969482422,5000.0
2016-06-22 00:00:00,22.579999923706055,22.694000244140625,22.56999969482422,22.56999969482422,22.56999969482422,8300.0
2016-06-23 00:00:00,22.520000457763672,22.73900032043457,22.520000457763672,22.650999069213867,22.650999069213867,4700.0
2016-06-24 00:00:00,22.714000701904297,22.714000701904297,22.714000701904297,22.714000701904297,22.714000701904297,100.0
2016-06-27 00:00:00,22.600000381469727,22.610000610351562,22.41200065612793,22.413000106811523,22.413000106811523,9500.0
2016-06-28 00:00:00,22.489999771118164,22.70199966430664,22.479999542236328,22.70199966430664,22.70199966430664,11600.0
2016-06-29 00:00:00,22.0,22.729999542236328,22.0,22.700000762939453,22.700000762939453,4600.0
2016-06-30 00:00:00,22.667999267578125,22.667999267578125,22.667999267578125,22.667999267578125,22.667999267578125,700.0
2016-07-01 00:00:00,22.631000518798828,22.69499969482422,22.631000518798828,22.69499969482422,22.69499969482422,600.0
2016-07-05 00:00:00,22.500999450683594,22.500999450683594,22.500999450683594,22.500999450683594,22.500999450683594,100.0
2016-07-06 00:00:00,22.5,22.5,22.5,22.5,22.5,1000.0
2016-07-07 00:00:00,22.530000686645508,22.67099952697754,22.520000457763672,22.67099952697754,22.67099952697754,6500.0
2016-07-08 00:00:00,22.760000228881836,22.790000915527344,22.75,22.790000915527344,22.790000915527344,800.0
2016-07-11 00:00:00,22.639999389648438,22.667999267578125,22.6299991607666,22.632999420166016,22.632999420166016,1000.0
2016-07-12 00:00:00,22.56999969482422,22.81100082397461,22.56999969482422,22.7549991607666,22.7549991607666,2300.0
2016-07-13 00:00:00,22.80699920654297,22.815000534057617,22.80699920654297,22.815000534057617,22.815000534057617,400.0
2016-07-14 00:00:00,22.829999923706055,22.829999923706055,22.709999084472656,22.73200035095215,22.73200035095215,1200.0
2016-07-15 00:00:00,22.700000762939453,22.700000762939453,22.65999984741211,22.65999984741211,22.65999984741211,1500.0
2016-07-18 00:00:00,22.65999984741211,22.65999984741211,22.65999984741211,22.65999984741211,22.65999984741211,0.0
2016-07-19 00:00:00,22.639999389648438,22.70599937438965,22.639999389648438,22.67099952697754,22.67099952697754,5600.0
2016-07-20 00:00:00,22.724000930786133,22.75200080871582,22.724000930786133,22.75200080871582,22.75200080871582,800.0
2016-07-21 00:00:00,22.75200080871582,22.75200080871582,22.75200080871582,22.75200080871582,22.75200080871582,0.0
2016-07-22 00:00:00,22.625999450683594,22.702999114990234,22.600000381469727,22.702999114990234,22.702999114990234,2300.0
2016-07-25 00:00:00,22.667999267578125,22.667999267578125,22.667999267578125,22.667999267578125,22.667999267578125,300.0
2016-07-26 00:00:00,22.639999389648438,22.7549991607666,22.639999389648438,22.7549991607666,22.7549991607666,1300.0
2016-07-27 00:00:00,22.700000762939453,22.700000762939453,22.648000717163086,22.648000717163086,22.648000717163086,600.0
2016-07-28 00:00:00,22.753999710083008,22.753999710083008,22.753999710083008,22.753999710083008,22.753999710083008,200.0
2016-07-29 00:00:00,22.68199920654297,22.68199920654297,22.68199920654297,22.68199920654297,22.68199920654297,200.0
2016-08-01 00:00:00,22.56999969482422,22.726999282836914,22.56999969482422,22.726999282836914,22.726999282836914,6300.0
2016-08-02 00:00:00,22.726999282836914,22.726999282836914,22.726999282836914,22.726999282836914,22.726999282836914,0.0
2016-08-03 00:00:00,22.562999725341797,22.562999725341797,22.562999725341797,22.562999725341797,22.562999725341797,200.0
2016-08-04 00:00:00,22.740999221801758,22.740999221801758,22.608999252319336,22.608999252319336,22.608999252319336,400.0
2016-08-05 00:00:00,22.6200008392334,22.697999954223633,22.6200008392334,22.697999954223633,22.697999954223633,800.0
2016-08-08 00:00:00,22.68899917602539,22.68899917602539,22.68899917602539,22.68899917602539,22.68899917602539,200.0
2016-08-09 00:00:00,22.81999969482422,22.81999969482422,22.6299991607666,22.6299991607666,22.6299991607666,1900.0
2016-08-10 00:00:00,22.6299991607666,22.6299991607666,22.6299991607666,22.6299991607666,22.6299991607666,0.0
2016-08-11 00:00:00,22.8700008392334,22.8700008392334,22.847999572753906,22.847999572753906,22.847999572753906,1300.0
2016-08-12 00:00:00,22.78499984741211,22.78499984741211,22.78499984741211,22.78499984741211,22.78499984741211,200.0
2016-08-15 00:00:00,22.790000915527344,22.799999237060547,22.724000930786133,22.724000930786133,22.724000930786133,1500.0
2016-08-16 00:00:00,22.850000381469727,22.8700008392334,22.829999923706055,22.84000015258789,22.84000015258789,2300.0
2016-08-17 00:00:00,22.670000076293945,22.780000686645508,22.670000076293945,22.770000457763672,22.770000457763672,1400.0
2016-08-18 00:00:00,22.6200008392334,22.799999237060547,22.6200008392334,22.7810001373291,22.7810001373291,1700.0
2016-08-19 00:00:00,22.829999923706055,22.84000015258789,22.770999908447266,22.829999923706055,22.829999923706055,3800.0
2016-08-22 00:00:00,22.81999969482422,22.81999969482422,22.780000686645508,22.790000915527344,22.790000915527344,1900.0
2016-08-23 00:00:00,22.790000915527344,22.790000915527344,22.790000915527344,22.790000915527344,22.790000915527344,0.0
2016-08-24 00:00:00,22.649999618530273,22.700000762939453,22.600000381469727,22.600000381469727,22.600000381469727,315700.0
2016-08-25 00:00:00,22.860000610351562,22.860000610351562,22.860000610351562,22.860000610351562,22.860000610351562,400.0
2016-08-26 00:00:00,22.899999618530273,22.90999984741211,22.889999389648438,22.899999618530273,22.899999618530273,900.0
2016-08-29 00:00:00,22.93000030517578,22.93000030517578,22.850000381469727,22.850000381469727,22.850000381469727,500.0
2016-08-30 00:00:00,22.868999481201172,22.868999481201172,22.812000274658203,22.812000274658203,22.812000274658203,1300.0
2016-08-31 00:00:00,22.783000946044922,22.783000946044922,22.783000946044922,22.783000946044922,22.783000946044922,400.0
2016-09-01 00:00:00,22.68000030517578,22.898000717163086,22.68000030517578,22.898000717163086,22.898000717163086,500.0
2016-09-02 00:00:00,22.898000717163086,22.898000717163086,22.898000717163086,22.898000717163086,22.898000717163086,100.0
2016-09-06 00:00:00,22.898000717163086,22.898000717163086,22.898000717163086,22.898000717163086,22.898000717163086,0.0
2016-09-07 00:00:00,22.899999618530273,22.97100067138672,22.899999618530273,22.97100067138672,22.97100067138672,1900.0
2016-09-08 00:00:00,22.97100067138672,22.97100067138672,22.97100067138672,22.97100067138672,22.97100067138672,0.0
2016-09-09 00:00:00,22.97100067138672,22.97100067138672,22.97100067138672,22.97100067138672,22.97100067138672,0.0
2016-09-12 00:00:00,22.97100067138672,22.97100067138672,22.97100067138672,22.97100067138672,22.97100067138672,0.0
2016-09-13 00:00:00,22.86400032043457,22.86400032043457,22.68000030517578,22.695999145507812,22.695999145507812,2200.0
2016-09-14 00:00:00,22.708999633789062,22.708999633789062,22.708999633789062,22.708999633789062,22.708999633789062,400.0
2016-09-15 00:00:00,22.670000076293945,22.69499969482422,22.59000015258789,22.610000610351562,22.610000610351562,13500.0
2016-09-16 00:00:00,22.610000610351562,22.610000610351562,22.610000610351562,22.610000610351562,22.610000610351562,0.0
2016-09-19 00:00:00,22.78499984741211,22.805999755859375,22.78499984741211,22.805999755859375,22.805999755859375,1600.0
2016-09-20 00:00:00,22.670000076293945,22.670000076293945,22.670000076293945,22.670000076293945,22.670000076293945,1300.0
2016-09-21 00:00:00,22.68000030517578,22.68000030517578,22.670000076293945,22.670000076293945,22.670000076293945,1400.0
2016-09-22 00:00:00,22.6200008392334,22.739999771118164,22.6200008392334,22.719999313354492,22.719999313354492,4500.0
2016-09-23 00:00:00,22.709999084472656,22.709999084472656,22.709999084472656,22.709999084472656,22.709999084472656,400.0
2016-09-26 00:00:00,22.56999969482422,22.736000061035156,22.56999969482422,22.736000061035156,22.736000061035156,1200.0
2016-09-27 00:00:00,22.761999130249023,22.761999130249023,22.761999130249023,22.761999130249023,22.761999130249023,400.0
2016-09-28 00:00:00,22.833999633789062,22.899999618530273,22.825000762939453,22.825000762939453,22.825000762939453,5600.0
2016-09-29 00:00:00,22.906999588012695,22.906999588012695,22.906999588012695,22.906999588012695,22.906999588012695,1000.0
2016-09-30 00:00:00,22.87700080871582,22.9950008392334,22.87700080871582,22.9950008392334,22.9950008392334,1900.0
2016-10-03 00:00:00,22.927000045776367,22.927000045776367,22.927000045776367,22.927000045776367,22.927000045776367,200.0
2016-10-04 00:00:00,22.93000030517578,22.93000030517578,22.93000030517578,22.93000030517578,22.93000030517578,1800.0
2016-10-05 00:00:00,22.93000030517578,22.93000030517578,22.93000030517578,22.93000030517578,22.93000030517578,0.0
2016-10-06 00:00:00,22.93000030517578,22.93000030517578,22.93000030517578,22.93000030517578,22.93000030517578,0.0
2016-10-07 00:00:00,22.961000442504883,22.961000442504883,22.937999725341797,22.937999725341797,22.937999725341797,500.0
2016-10-10 00:00:00,22.950000762939453,22.950000762939453,22.950000762939453,22.950000762939453,22.950000762939453,1000.0
2016-10-11 00:00:00,22.8700008392334,22.91200065612793,22.8700008392334,22.885000228881836,22.885000228881836,3000.0
2016-10-12 00:00:00,22.885000228881836,22.885000228881836,22.885000228881836,22.885000228881836,22.885000228881836,0.0
2016-10-13 00:00:00,22.864999771118164,22.864999771118164,22.833999633789062,22.833999633789062,22.833999633789062,4300.0
2016-10-14 00:00:00,22.833999633789062,22.833999633789062,22.833999633789062,22.833999633789062,22.833999633789062,0.0
2016-10-17 00:00:00,22.923999786376953,22.923999786376953,22.923999786376953,22.923999786376953,22.923999786376953,300.0
2016-10-18 00:00:00,22.923999786376953,22.923999786376953,22.923999786376953,22.923999786376953,22.923999786376953,0.0
2016-10-19 00:00:00,23.010000228881836,23.04800033569336,23.000999450683594,23.030000686645508,23.030000686645508,2300.0
2016-10-20 00:00:00,23.139999389648438,23.139999389648438,23.139999389648438,23.139999389648438,23.139999389648438,100.0
2016-10-21 00:00:00,23.190000534057617,23.190000534057617,23.066999435424805,23.066999435424805,23.066999435424805,300.0
2016-10-24 00:00:00,23.006000518798828,23.006000518798828,23.006000518798828,23.006000518798828,23.006000518798828,300.0
2016-10-25 00:00:00,22.850000381469727,22.850000381469727,22.850000381469727,22.850000381469727,22.850000381469727,500.0
2016-10-26 00:00:00,22.850000381469727,22.850000381469727,22.850000381469727,22.850000381469727,22.850000381469727,0.0
2016-10-27 00:00:00,22.90999984741211,22.952999114990234,22.90999984741211,22.920000076293945,22.920000076293945,1200.0
2016-10-28 00:00:00,22.920000076293945,22.920000076293945,22.920000076293945,22.920000076293945,22.920000076293945,0.0
2016-10-31 00:00:00,22.969999313354492,23.0310001373291,22.950000762939453,23.0310001373291,23.0310001373291,8400.0
2016-11-01 00:00:00,22.93000030517578,22.93000030517578,22.93000030517578,22.93000030517578,22.93000030517578,5900.0
2016-11-02 00:00:00,22.93000030517578,22.93000030517578,22.93000030517578,22.93000030517578,22.93000030517578,0.0
2016-11-03 00:00:00,22.975000381469727,22.975000381469727,22.975000381469727,22.975000381469727,22.975000381469727,300.0
2016-11-04 00:00:00,22.975000381469727,22.975000381469727,22.975000381469727,22.975000381469727,22.975000381469727,0.0
2016-11-07 00:00:00,22.915000915527344,22.915000915527344,22.902000427246094,22.90999984741211,22.90999984741211,600.0
2016-11-08 00:00:00,23.017000198364258,23.017000198364258,23.017000198364258,23.017000198364258,23.017000198364258,200.0
2016-11-09 00:00:00,23.017000198364258,23.017000198364258,23.017000198364258,23.017000198364258,23.017000198364258,0.0
2016-11-10 00:00:00,23.017000198364258,23.017000198364258,23.017000198364258,23.017000198364258,23.017000198364258,0.0
2016-11-11 00:00:00,22.86400032043457,22.86400032043457,22.760000228881836,22.770000457763672,22.770000457763672,9600.0
2016-11-14 00:00:00,22.906999588012695,22.906999588012695,22.844999313354492,22.844999313354492,22.844999313354492,500.0
2016-11-15 00:00:00,22.844999313354492,22.844999313354492,22.844999313354492,22.844999313354492,22.844999313354492,0.0
2016-11-16 00:00:00,23.0,23.0,23.0,23.0,23.0,400.0
2016-11-17 00:00:00,23.0,23.0,23.0,23.0,23.0,200.0
2016-11-18 00:00:00,23.0,23.003999710083008,22.889999389648438,22.97599983215332,22.97599983215332,4200.0
2016-11-21 00:00:00,22.940000534057617,23.006000518798828,22.940000534057617,23.006000518798828,23.006000518798828,300.0
2016-11-22 00:00:00,22.974000930786133,22.974000930786133,22.913999557495117,22.969999313354492,22.969999313354492,4200.0
2016-11-23 00:00:00,22.969999313354492,22.969999313354492,22.969999313354492,22.969999313354492,22.969999313354492,0.0
2016-11-25 00:00:00,22.969999313354492,22.969999313354492,22.969999313354492,22.969999313354492,22.969999313354492,0.0
2016-11-28 00:00:00,22.969999313354492,22.969999313354492,22.969999313354492,22.969999313354492,22.969999313354492,0.0
2016-11-29 00:00:00,22.969999313354492,22.969999313354492,22.969999313354492,22.969999313354492,22.969999313354492,0.0
2016-11-30 00:00:00,22.969999313354492,22.969999313354492,22.969999313354492,22.969999313354492,22.969999313354492,0.0
2016-12-01 00:00:00,23.03499984741211,23.03499984741211,22.920000076293945,22.920000076293945,22.920000076293945,3800.0
2016-12-02 00:00:00,23.04400062561035,23.04400062561035,22.959999084472656,22.969999313354492,22.969999313354492,1900.0
2016-12-05 00:00:00,23.040000915527344,23.040000915527344,23.020999908447266,23.020999908447266,23.020999908447266,1100.0
2016-12-06 00:00:00,23.020999908447266,23.020999908447266,23.020999908447266,23.020999908447266,23.020999908447266,0.0
2016-12-07 00:00:00,23.110000610351562,23.155000686645508,23.110000610351562,23.139999389648438,23.139999389648438,800.0
2016-12-08 00:00:00,23.180999755859375,23.180999755859375,23.1299991607666,23.156999588012695,23.156999588012695,1000.0
2016-12-09 00:00:00,23.190000534057617,23.200000762939453,23.190000534057617,23.200000762939453,23.200000762939453,1200.0
2016-12-12 00:00:00,23.200000762939453,23.200000762939453,23.200000762939453,23.200000762939453,23.200000762939453,0.0
2016-12-13 00:00:00,23.100000381469727,23.100000381469727,23.100000381469727,23.100000381469727,23.100000381469727,600.0
2016-12-14 00:00:00,23.100000381469727,23.100000381469727,23.100000381469727,23.100000381469727,23.100000381469727,0.0
2016-12-15 00:00:00,22.913999557495117,22.913999557495117,22.913999557495117,22.913999557495117,22.913999557495117,300.0
2016-12-16 00:00:00,22.84000015258789,22.84000015258789,22.65999984741211,22.674999237060547,22.674999237060547,2300.0
2016-12-19 00:00:00,22.600000381469727,22.68000030517578,22.600000381469727,22.68000030517578,22.68000030517578,1000.0
2016-12-20 00:00:00,22.440000534057617,22.739999771118164,22.440000534057617,22.739999771118164,22.739999771118164,1600.0
2016-12-21 00:00:00,22.540000915527344,22.68000030517578,22.540000915527344,22.68000030517578,22.68000030517578,1300.0
2016-12-22 00:00:00,22.540000915527344,22.639999389648438,22.530000686645508,22.639999389648438,22.639999389648438,8700.0
2016-12-23 00:00:00,22.639999389648438,22.639999389648438,22.639999389648438,22.639999389648438,22.639999389648438,0.0
2016-12-27 00:00:00,22.739999771118164,22.739999771118164,22.56999969482422,22.700000762939453,22.700000762939453,12500.0
2016-12-28 00:00:00,22.658000946044922,22.702999114990234,22.658000946044922,22.702999114990234,22.702999114990234,700.0
2016-12-29 00:00:00,22.75,22.75,22.660999298095703,22.660999298095703,22.660999298095703,3100.0
2016-12-30 00:00:00,22.549999237060547,22.549999237060547,22.549999237060547,22.549999237060547,22.549999237060547,400.0
2017-01-03 00:00:00,22.549999237060547,22.549999237060547,22.549999237060547,22.549999237060547,22.549999237060547,0.0
2017-01-04 00:00:00,22.84000015258789,22.850000381469727,22.84000015258789,22.850000381469727,22.850000381469727,2200.0
2017-01-05 00:00:00,22.738000869750977,22.738000869750977,22.738000869750977,22.738000869750977,22.738000869750977,300.0
2017-01-06 00:00:00,22.799999237060547,22.799999237060547,22.760000228881836,22.760000228881836,22.760000228881836,400.0
2017-01-09 00:00:00,22.760000228881836,22.760000228881836,22.760000228881836,22.760000228881836,22.760000228881836,0.0
2017-01-10 00:00:00,22.610000610351562,22.610000610351562,22.610000610351562,22.610000610351562,22.610000610351562,600.0
2017-01-11 00:00:00,22.530000686645508,22.72100067138672,22.530000686645508,22.72100067138672,22.72100067138672,700.0
2017-01-12 00:00:00,22.67799949645996,22.67799949645996,22.6200008392334,22.667999267578125,22.667999267578125,900.0
2017-01-13 00:00:00,22.68899917602539,22.68899917602539,22.68899917602539,22.68899917602539,22.68899917602539,1300.0
2017-01-17 00:00:00,22.68899917602539,22.68899917602539,22.68899917602539,22.68899917602539,22.68899917602539,0.0
2017-01-18 00:00:00,22.694000244140625,22.694000244140625,22.694000244140625,22.694000244140625,22.694000244140625,300.0
2017-01-19 00:00:00,22.694000244140625,22.694000244140625,22.694000244140625,22.694000244140625,22.694000244140625,0.0
2017-01-20 00:00:00,22.69499969482422,22.759000778198242,22.69499969482422,22.759000778198242,22.759000778198242,2600.0
2017-01-23 00:00:00,22.920000076293945,22.920000076293945,22.746999740600586,22.746999740600586,22.746999740600586,2100.0
2017-01-24 00:00:00,22.746999740600586,22.746999740600586,22.746999740600586,22.746999740600586,22.746999740600586,0.0
2017-01-25 00:00:00,22.77400016784668,22.77400016784668,22.724000930786133,22.739999771118164,22.739999771118164,1400.0
2017-01-26 00:00:00,22.73200035095215,22.73200035095215,22.73200035095215,22.73200035095215,22.73200035095215,200.0
2017-01-27 00:00:00,22.68000030517578,22.70199966430664,22.68000030517578,22.70199966430664,22.70199966430664,700.0
2017-01-30 00:00:00,22.709999084472656,22.767000198364258,22.709999084472656,22.767000198364258,22.767000198364258,400.0
2017-01-31 00:00:00,22.889999389648438,22.889999389648438,22.889999389648438,22.889999389648438,22.889999389648438,300.0
2017-02-01 00:00:00,22.889999389648438,22.889999389648438,22.889999389648438,22.889999389648438,22.889999389648438,0.0
2017-02-02 00:00:00,22.600000381469727,22.66900062561035,22.562000274658203,22.66900062561035,22.66900062561035,11900.0
2017-02-03 00:00:00,22.746999740600586,22.746999740600586,22.746999740600586,22.746999740600586,22.746999740600586,500.0
2017-02-06 00:00:00,22.746999740600586,22.746999740600586,22.746999740600586,22.746999740600586,22.746999740600586,0.0
2017-02-07 00:00:00,22.549999237060547,22.549999237060547,22.549999237060547,22.549999237060547,22.549999237060547,600.0
2017-02-08 00:00:00,22.64900016784668,22.64900016784668,22.64900016784668,22.64900016784668,22.64900016784668,200.0
2017-02-09 00:00:00,22.709999084472656,22.709999084472656,22.709999084472656,22.709999084472656,22.709999084472656,300.0
2017-02-10 00:00:00,22.709999084472656,22.709999084472656,22.709999084472656,22.709999084472656,22.709999084472656,0.0
2017-02-13 00:00:00,22.65999984741211,22.69499969482422,22.65999984741211,22.69499969482422,22.69499969482422,500.0
2017-02-14 00:00:00,22.69499969482422,22.69499969482422,22.69499969482422,22.69499969482422,22.69499969482422,0.0
2017-02-15 00:00:00,22.69499969482422,22.69499969482422,22.69499969482422,22.69499969482422,22.69499969482422,0.0
2017-02-16 00:00:00,22.677000045776367,22.677000045776367,22.631000518798828,22.631000518798828,22.631000518798828,500.0
2017-02-17 00:00:00,22.3700008392334,22.613000869750977,22.3700008392334,22.58300018310547,22.58300018310547,700.0
2017-02-21 00:00:00,22.770000457763672,22.770000457763672,22.770000457763672,22.770000457763672,22.770000457763672,300.0
2017-02-22 00:00:00,22.770000457763672,22.770000457763672,22.770000457763672,22.770000457763672,22.770000457763672,0.0
2017-02-23 00:00:00,22.770000457763672,22.770000457763672,22.770000457763672,22.770000457763672,22.770000457763672,0.0
2017-02-24 00:00:00,22.510000228881836,22.697999954223633,22.510000228881836,22.697999954223633,22.697999954223633,1400.0
2017-02-27 00:00:00,22.697999954223633,22.697999954223633,22.697999954223633,22.697999954223633,22.697999954223633,0.0
2017-02-28 00:00:00,22.5,22.511999130249023,22.468000411987305,22.488000869750977,22.488000869750977,1600.0
2017-03-01 00:00:00,22.579999923706055,22.579999923706055,22.579999923706055,22.579999923706055,22.579999923706055,200.0
2017-03-02 00:00:00,22.579999923706055,22.579999923706055,22.579999923706055,22.579999923706055,22.579999923706055,0.0
2017-03-03 00:00:00,22.579999923706055,22.579999923706055,22.579999923706055,22.579999923706055,22.579999923706055,0.0
2017-03-06 00:00:00,22.579999923706055,22.579999923706055,22.579999923706055,22.579999923706055,22.579999923706055,0.0
2017-03-07 00:00:00,22.579999923706055,22.579999923706055,22.579999923706055,22.579999923706055,22.579999923706055,0.0
2017-03-08 00:00:00,22.309999465942383,22.309999465942383,22.309999465942383,22.309999465942383,22.309999465942383,300.0
2017-03-09 00:00:00,22.364999771118164,22.364999771118164,22.364999771118164,22.364999771118164,22.364999771118164,200.0
2017-03-10 00:00:00,22.399999618530273,22.4060001373291,22.399999618530273,22.4060001373291,22.4060001373291,600.0
2017-03-13 00:00:00,22.510000228881836,22.510000228881836,22.452999114990234,22.452999114990234,22.452999114990234,800.0
2017-03-14 00:00:00,22.452999114990234,22.452999114990234,22.452999114990234,22.452999114990234,22.452999114990234,0.0
2017-03-15 00:00:00,22.452999114990234,22.452999114990234,22.452999114990234,22.452999114990234,22.452999114990234,0.0
2017-03-16 00:00:00,22.31999969482422,22.31999969482422,22.31999969482422,22.31999969482422,22.31999969482422,200.0
2017-03-17 00:00:00,22.334999084472656,22.334999084472656,22.334999084472656,22.334999084472656,22.334999084472656,900.0
2017-03-20 00:00:00,22.334999084472656,22.334999084472656,22.334999084472656,22.334999084472656,22.334999084472656,0.0
2017-03-21 00:00:00,22.34000015258789,22.413000106811523,22.34000015258789,22.350000381469727,22.350000381469727,800.0
2017-03-22 00:00:00,22.261999130249023,22.382999420166016,22.239999771118164,22.382999420166016,22.382999420166016,5800.0
2017-03-23 00:00:00,22.382999420166016,22.382999420166016,22.382999420166016,22.382999420166016,22.382999420166016,0.0
2017-03-24 00:00:00,22.25,22.25,22.25,22.25,22.25,700.0
2017-03-27 00:00:00,22.25,22.25,22.25,22.25,22.25,0.0
2017-03-28 00:00:00,22.350000381469727,22.350000381469727,22.350000381469727,22.350000381469727,22.350000381469727,300.0
2017-03-29 00:00:00,22.350000381469727,22.350000381469727,22.350000381469727,22.350000381469727,22.350000381469727,0.0
2017-03-30 00:00:00,22.350000381469727,22.350000381469727,22.350000381469727,22.350000381469727,22.350000381469727,0.0
2017-03-31 00:00:00,22.329999923706055,22.329999923706055,22.329999923706055,22.329999923706055,22.329999923706055,200.0
2017-04-03 00:00:00,22.329999923706055,22.329999923706055,22.329999923706055,22.329999923706055,22.329999923706055,0.0
2017-04-04 00:00:00,22.329999923706055,22.329999923706055,22.329999923706055,22.329999923706055,22.329999923706055,0.0
2017-04-05 00:00:00,22.329999923706055,22.329999923706055,22.329999923706055,22.329999923706055,22.329999923706055,0.0
2017-04-06 00:00:00,22.3799991607666,22.3799991607666,22.290000915527344,22.290000915527344,22.290000915527344,400.0
2017-04-07 00:00:00,22.290000915527344,22.290000915527344,22.290000915527344,22.290000915527344,22.290000915527344,0.0
2017-04-10 00:00:00,22.290000915527344,22.290000915527344,22.290000915527344,22.290000915527344,22.290000915527344,0.0
2017-04-11 00:00:00,22.420000076293945,22.420000076293945,22.382999420166016,22.382999420166016,22.382999420166016,300.0
2017-04-12 00:00:00,22.382999420166016,22.382999420166016,22.382999420166016,22.382999420166016,22.382999420166016,0.0
2017-04-13 00:00:00,22.190000534057617,22.246999740600586,22.190000534057617,22.246999740600586,22.246999740600586,1600.0
2017-04-17 00:00:00,22.246999740600586,22.246999740600586,22.246999740600586,22.246999740600586,22.246999740600586,0.0
2017-04-18 00:00:00,22.469999313354492,22.469999313354492,22.469999313354492,22.469999313354492,22.469999313354492,400.0
2017-04-19 00:00:00,22.424999237060547,22.43000030517578,22.325000762939453,22.325000762939453,22.325000762939453,800.0
2017-04-20 00:00:00,22.40999984741211,22.40999984741211,22.277000427246094,22.277000427246094,22.277000427246094,800.0
2017-04-21 00:00:00,22.277000427246094,22.277000427246094,22.277000427246094,22.277000427246094,22.277000427246094,0.0
2017-04-24 00:00:00,22.309999465942383,22.309999465942383,22.309999465942383,22.309999465942383,22.309999465942383,900.0
2017-04-25 00:00:00,22.218000411987305,22.218000411987305,22.218000411987305,22.218000411987305,22.218000411987305,300.0
2017-04-26 00:00:00,22.229999542236328,22.229999542236328,22.20800018310547,22.20800018310547,22.20800018310547,500.0
2017-04-27 00:00:00,22.219999313354492,22.219999313354492,22.12299919128418,22.12299919128418,22.12299919128418,300.0
2017-04-28 00:00:00,22.12299919128418,22.12299919128418,22.12299919128418,22.12299919128418,22.12299919128418,0.0
2017-05-01 00:00:00,22.104999542236328,22.104999542236328,22.083999633789062,22.089000701904297,22.089000701904297,2000.0
2017-05-02 00:00:00,22.089000701904297,22.089000701904297,22.089000701904297,22.089000701904297,22.089000701904297,0.0
2017-05-03 00:00:00,21.989999771118164,22.054000854492188,21.989999771118164,22.054000854492188,22.054000854492188,600.0
2017-05-04 00:00:00,21.920000076293945,21.986000061035156,21.920000076293945,21.986000061035156,21.986000061035156,1300.0
2017-05-05 00:00:00,21.986000061035156,21.986000061035156,21.986000061035156,21.986000061035156,21.986000061035156,0.0
2017-05-08 00:00:00,21.986000061035156,21.986000061035156,21.986000061035156,21.986000061035156,21.986000061035156,0.0
2017-05-09 00:00:00,21.986000061035156,21.986000061035156,21.986000061035156,21.986000061035156,21.986000061035156,0.0
2017-05-10 00:00:00,22.256000518798828,22.256000518798828,22.19700050354004,22.19700050354004,22.19700050354004,1000.0
2017-05-11 00:00:00,22.19700050354004,22.19700050354004,22.19700050354004,22.19700050354004,22.19700050354004,0.0
2017-05-12 00:00:00,21.8700008392334,21.8700008392334,21.8700008392334,21.8700008392334,21.8700008392334,300.0
2017-05-15 00:00:00,21.8700008392334,21.8700008392334,21.8700008392334,21.8700008392334,21.8700008392334,0.0
2017-05-16 00:00:00,22.034000396728516,22.034000396728516,22.034000396728516,22.034000396728516,22.034000396728516,600.0
2017-05-17 00:00:00,21.860000610351562,21.8700008392334,21.3700008392334,21.8700008392334,21.8700008392334,46100.0
2017-05-18 00:00:00,22.06999969482422,22.06999969482422,22.06999969482422,22.06999969482422,22.06999969482422,200.0
2017-05-19 00:00:00,22.06999969482422,22.06999969482422,22.06999969482422,22.06999969482422,22.06999969482422,0.0
2017-05-22 00:00:00,21.8799991607666,21.95800018310547,21.8799991607666,21.95800018310547,21.95800018310547,2200.0
2017-05-23 00:00:00,21.809999465942383,21.895000457763672,21.809999465942383,21.895000457763672,21.895000457763672,800.0
2017-05-24 00:00:00,21.895000457763672,21.895000457763672,21.895000457763672,21.895000457763672,21.895000457763672,0.0
2017-05-25 00:00:00,22.030000686645508,22.030000686645508,21.902000427246094,21.902000427246094,21.902000427246094,3100.0
2017-05-26 00:00:00,21.983999252319336,21.983999252319336,21.983999252319336,21.983999252319336,21.983999252319336,400.0
2017-05-30 00:00:00,22.020000457763672,22.020000457763672,21.92799949645996,21.98699951171875,21.98699951171875,1700.0
2017-05-31 00:00:00,22.559999465942383,22.559999465942383,21.78499984741211,21.78499984741211,21.78499984741211,2400.0
2017-06-01 00:00:00,21.933000564575195,21.933000564575195,21.933000564575195,21.933000564575195,21.933000564575195,300.0
2017-06-02 00:00:00,21.933000564575195,21.933000564575195,21.933000564575195,21.933000564575195,21.933000564575195,0.0
2017-06-05 00:00:00,21.825000762939453,21.969999313354492,21.825000762939453,21.969999313354492,21.969999313354492,4600.0
2017-06-06 00:00:00,21.93000030517578,21.93000030517578,21.889999389648438,21.889999389648438,21.889999389648438,900.0
2017-06-07 00:00:00,21.927000045776367,21.950000762939453,21.700000762939453,21.940000534057617,21.940000534057617,2900.0
2017-06-08 00:00:00,21.940000534057617,21.940000534057617,21.940000534057617,21.940000534057617,21.940000534057617,0.0
2017-06-09 00:00:00,22.049999237060547,22.049999237060547,21.871999740600586,21.975000381469727,21.975000381469727,11000.0
2017-06-12 00:00:00,22.099000930786133,22.510000228881836,22.009000778198242,22.25,22.25,9500.0
2017-06-13 00:00:00,22.30500030517578,22.30500030517578,22.229999542236328,22.239999771118164,22.239999771118164,600.0
2017-06-14 00:00:00,22.670000076293945,22.670000076293945,22.28499984741211,22.312999725341797,22.312999725341797,1500.0
2017-06-15 00:00:00,22.290000915527344,22.309999465942383,22.290000915527344,22.299999237060547,22.299999237060547,4500.0
2017-06-16 00:00:00,22.299999237060547,22.299999237060547,22.299999237060547,22.299999237060547,22.299999237060547,900.0
2017-06-19 00:00:00,22.229999542236328,22.229999542236328,21.93400001525879,21.93400001525879,21.93400001525879,1200.0
2017-06-20 00:00:00,21.948999404907227,22.5,21.948999404907227,22.5,22.5,1800.0
2017-06-21 00:00:00,22.540000915527344,23.209999084472656,21.719999313354492,21.719999313354492,21.719999313354492,62600.0
2017-06-22 00:00:00,21.700000762939453,21.700000762939453,21.670000076293945,21.670000076293945,21.670000076293945,6300.0
2017-06-23 00:00:00,21.549999237060547,21.77899932861328,21.549999237060547,21.77899932861328,21.77899932861328,500.0
2017-06-26 00:00:00,21.729999542236328,21.729999542236328,21.719999313354492,21.719999313354492,21.719999313354492,4300.0
2017-06-27 00:00:00,21.850000381469727,21.850000381469727,21.719999313354492,21.719999313354492,21.719999313354492,23600.0
2017-06-28 00:00:00,21.64699935913086,21.64699935913086,21.59000015258789,21.621999740600586,21.621999740600586,3900.0
2017-06-29 00:00:00,22.610000610351562,22.610000610351562,21.805999755859375,21.959999084472656,21.959999084472656,8400.0
2017-06-30 00:00:00,21.959999084472656,21.959999084472656,21.959999084472656,21.959999084472656,21.959999084472656,0.0
2017-07-03 00:00:00,21.871000289916992,21.871000289916992,21.871000289916992,21.871000289916992,21.871000289916992,100.0
2017-07-05 00:00:00,21.860000610351562,21.860000610351562,21.860000610351562,21.860000610351562,21.860000610351562,100.0
2017-07-06 00:00:00,21.836999893188477,21.979999542236328,21.836999893188477,21.94700050354004,21.94700050354004,2700.0
2017-07-07 00:00:00,21.969999313354492,21.969999313354492,21.726999282836914,21.726999282836914,21.726999282836914,4800.0
2017-07-10 00:00:00,22.209999084472656,22.209999084472656,21.229999542236328,21.229999542236328,21.229999542236328,700.0
2017-07-11 00:00:00,21.746000289916992,21.746000289916992,21.746000289916992,21.746000289916992,21.746000289916992,300.0
2017-07-12 00:00:00,22.40999984741211,22.40999984741211,21.639999389648438,21.639999389648438,21.639999389648438,700.0
2017-07-13 00:00:00,21.639999389648438,21.639999389648438,21.639999389648438,21.639999389648438,21.639999389648438,0.0
2017-07-14 00:00:00,21.799999237060547,21.799999237060547,21.799999237060547,21.799999237060547,21.799999237060547,700.0
2017-07-17 00:00:00,21.799999237060547,21.799999237060547,21.799999237060547,21.799999237060547,21.799999237060547,0.0
2017-07-18 00:00:00,21.808000564575195,21.808000564575195,21.808000564575195,21.808000564575195,21.808000564575195,300.0
2017-07-19 00:00:00,21.808000564575195,21.808000564575195,21.808000564575195,21.808000564575195,21.808000564575195,0.0
2017-07-20 00:00:00,22.649999618530273,22.649999618530273,21.899999618530273,21.920000076293945,21.920000076293945,7300.0
2017-07-21 00:00:00,21.827999114990234,21.827999114990234,21.827999114990234,21.827999114990234,21.827999114990234,400.0
2017-07-24 00:00:00,21.827999114990234,21.827999114990234,21.827999114990234,21.827999114990234,21.827999114990234,0.0
2017-07-25 00:00:00,21.827999114990234,21.959999084472656,21.81599998474121,21.945999145507812,21.945999145507812,5000.0
2017-07-26 00:00:00,21.945999145507812,21.945999145507812,21.945999145507812,21.945999145507812,21.945999145507812,0.0
2017-07-27 00:00:00,21.945999145507812,21.945999145507812,21.945999145507812,21.945999145507812,21.945999145507812,0.0
2017-07-28 00:00:00,21.945999145507812,21.945999145507812,21.945999145507812,21.945999145507812,21.945999145507812,100.0
2017-07-31 00:00:00,21.945999145507812,21.945999145507812,21.945999145507812,21.945999145507812,21.945999145507812,0.0
2017-08-01 00:00:00,21.90999984741211,21.90999984741211,21.670000076293945,21.90999984741211,21.90999984741211,5600.0
2017-08-02 00:00:00,21.90999984741211,21.90999984741211,21.90999984741211,21.90999984741211,21.90999984741211,0.0
2017-08-03 00:00:00,21.90999984741211,21.90999984741211,21.90999984741211,21.90999984741211,21.90999984741211,0.0
2017-08-04 00:00:00,21.90999984741211,21.90999984741211,21.90999984741211,21.90999984741211,21.90999984741211,0.0
2017-08-07 00:00:00,21.8799991607666,21.8799991607666,21.86400032043457,21.86400032043457,21.86400032043457,3100.0
2017-08-08 00:00:00,21.850000381469727,21.860000610351562,21.850000381469727,21.860000610351562,21.860000610351562,1100.0
2017-08-09 00:00:00,21.572999954223633,21.69300079345703,21.572999954223633,21.69300079345703,21.69300079345703,400.0
2017-08-10 00:00:00,21.631999969482422,21.631999969482422,21.631999969482422,21.631999969482422,21.631999969482422,100.0
2017-08-11 00:00:00,21.489999771118164,21.531999588012695,21.469999313354492,21.479999542236328,21.479999542236328,1600.0
2017-08-14 00:00:00,21.479999542236328,21.479999542236328,21.479999542236328,21.479999542236328,21.479999542236328,0.0
2017-08-15 00:00:00,21.479999542236328,21.479999542236328,21.479999542236328,21.479999542236328,21.479999542236328,0.0
2017-08-16 00:00:00,21.479999542236328,21.479999542236328,21.479999542236328,21.479999542236328,21.479999542236328,0.0
2017-08-17 00:00:00,21.600000381469727,21.600000381469727,21.410999298095703,21.410999298095703,21.410999298095703,900.0
2017-08-18 00:00:00,21.410999298095703,21.410999298095703,21.410999298095703,21.410999298095703,21.410999298095703,0.0
2017-08-21 00:00:00,21.340999603271484,21.340999603271484,21.340999603271484,21.340999603271484,21.340999603271484,200.0
2017-08-22 00:00:00,21.649999618530273,21.649999618530273,21.5049991607666,21.518999099731445,21.518999099731445,3600.0
2017-08-23 00:00:00,21.518999099731445,21.518999099731445,21.518999099731445,21.518999099731445,21.518999099731445,0.0
2017-08-24 00:00:00,21.56999969482422,21.56999969482422,21.31999969482422,21.31999969482422,21.31999969482422,2400.0
2017-08-25 00:00:00,21.389999389648438,21.389999389648438,21.389999389648438,21.389999389648438,21.389999389648438,800.0
2017-08-28 00:00:00,21.389999389648438,21.389999389648438,21.389999389648438,21.389999389648438,21.389999389648438,0.0
2017-08-29 00:00:00,21.45800018310547,21.45800018310547,21.229999542236328,21.229999542236328,21.229999542236328,4100.0
2017-08-30 00:00:00,21.229999542236328,21.229999542236328,21.229999542236328,21.229999542236328,21.229999542236328,0.0
2017-08-31 00:00:00,20.520000457763672,21.25,20.520000457763672,21.25,21.25,500.0
2017-09-01 00:00:00,21.25,21.25,21.25,21.25,21.25,0.0
2017-09-05 00:00:00,21.209999084472656,21.540000915527344,21.209999084472656,21.540000915527344,21.540000915527344,200.0
2017-09-06 00:00:00,21.540000915527344,21.540000915527344,21.540000915527344,21.540000915527344,21.540000915527344,100.0
2017-09-07 00:00:00,21.540000915527344,21.540000915527344,21.540000915527344,21.540000915527344,21.540000915527344,0.0
2017-09-08 00:00:00,21.540000915527344,21.540000915527344,21.540000915527344,21.540000915527344,21.540000915527344,0.0
2017-09-11 00:00:00,21.540000915527344,21.540000915527344,21.540000915527344,21.540000915527344,21.540000915527344,0.0
2017-09-12 00:00:00,21.3799991607666,21.450000762939453,21.3799991607666,21.450000762939453,21.450000762939453,200.0
2017-09-13 00:00:00,21.479999542236328,21.5939998626709,21.479999542236328,21.510000228881836,21.510000228881836,1500.0
2017-09-14 00:00:00,21.510000228881836,21.510000228881836,21.510000228881836,21.510000228881836,21.510000228881836,0.0
2017-09-15 00:00:00,21.200000762939453,21.200000762939453,21.200000762939453,21.200000762939453,21.200000762939453,100.0
2017-09-18 00:00:00,21.459999084472656,21.636999130249023,21.43000030517578,21.636999130249023,21.636999130249023,1400.0
2017-09-19 00:00:00,21.729999542236328,21.729999542236328,21.454999923706055,21.454999923706055,21.454999923706055,500.0
2017-09-20 00:00:00,21.606000900268555,21.606000900268555,21.606000900268555,21.606000900268555,21.606000900268555,1300.0
2017-09-21 00:00:00,21.56999969482422,21.56999969482422,21.496999740600586,21.535999298095703,21.535999298095703,1200.0
2017-09-22 00:00:00,21.360000610351562,21.360000610351562,21.360000610351562,21.360000610351562,21.360000610351562,700.0
2017-09-25 00:00:00,21.360000610351562,21.360000610351562,21.360000610351562,21.360000610351562,21.360000610351562,0.0
2017-09-26 00:00:00,21.639999389648438,21.639999389648438,21.444000244140625,21.639999389648438,21.639999389648438,3400.0
2017-09-27 00:00:00,21.469999313354492,21.600000381469727,21.3700008392334,21.600000381469727,21.600000381469727,1200.0
2017-09-28 00:00:00,21.329999923706055,21.3439998626709,21.329999923706055,21.3439998626709,21.3439998626709,900.0
2017-09-29 00:00:00,21.3439998626709,21.3439998626709,21.3439998626709,21.3439998626709,21.3439998626709,0.0
2017-10-02 00:00:00,21.3439998626709,21.3439998626709,21.3439998626709,21.3439998626709,21.3439998626709,0.0
2017-10-03 00:00:00,21.299999237060547,21.299999237060547,21.299999237060547,21.299999237060547,21.299999237060547,100.0
2017-10-04 00:00:00,21.489999771118164,21.489999771118164,21.406999588012695,21.406999588012695,21.406999588012695,2300.0
2017-10-05 00:00:00,21.290000915527344,21.347000122070312,21.290000915527344,21.290000915527344,21.290000915527344,5700.0
2017-10-06 00:00:00,21.21500015258789,21.21500015258789,21.21500015258789,21.21500015258789,21.21500015258789,800.0
2017-10-09 00:00:00,21.190000534057617,21.283000946044922,21.190000534057617,21.209999084472656,21.209999084472656,2300.0
2017-10-10 00:00:00,21.288000106811523,21.288000106811523,21.219999313354492,21.219999313354492,21.219999313354492,1100.0
2017-10-11 00:00:00,21.549999237060547,21.549999237060547,21.364999771118164,21.364999771118164,21.364999771118164,1900.0
2017-10-12 00:00:00,21.368000030517578,21.368000030517578,21.368000030517578,21.368000030517578,21.368000030517578,100.0
2017-10-13 00:00:00,21.368000030517578,21.368000030517578,21.368000030517578,21.368000030517578,21.368000030517578,0.0
2017-10-16 00:00:00,21.200000762939453,21.200000762939453,21.200000762939453,21.200000762939453,21.200000762939453,200.0
2017-10-17 00:00:00,21.450000762939453,21.450000762939453,21.31999969482422,21.347999572753906,21.347999572753906,1000.0
2017-10-18 00:00:00,21.440000534057617,21.440000534057617,21.440000534057617,21.440000534057617,21.440000534057617,100.0
2017-10-19 00:00:00,21.378000259399414,21.378000259399414,21.378000259399414,21.378000259399414,21.378000259399414,400.0
2017-10-20 00:00:00,21.378000259399414,21.378000259399414,21.378000259399414,21.378000259399414,21.378000259399414,0.0
2017-10-23 00:00:00,21.40999984741211,21.40999984741211,21.149999618530273,21.149999618530273,21.149999618530273,5700.0
2017-10-24 00:00:00,21.149999618530273,21.149999618530273,21.149999618530273,21.149999618530273,21.149999618530273,0.0
2017-10-25 00:00:00,21.170000076293945,21.170000076293945,21.139999389648438,21.139999389648438,21.139999389648438,1200.0
2017-10-26 00:00:00,21.24799919128418,21.24799919128418,21.24799919128418,21.24799919128418,21.24799919128418,100.0
2017-10-27 00:00:00,21.209999084472656,21.209999084472656,21.209999084472656,21.209999084472656,21.209999084472656,1600.0
2017-10-30 00:00:00,21.174999237060547,21.174999237060547,21.174999237060547,21.174999237060547,21.174999237060547,900.0
2017-10-31 00:00:00,21.18000030517578,21.18000030517578,20.950000762939453,20.950000762939453,20.950000762939453,1900.0
2017-11-01 00:00:00,21.229999542236328,21.229999542236328,21.229999542236328,21.229999542236328,21.229999542236328,600.0
2017-11-02 00:00:00,21.229999542236328,21.229999542236328,21.229999542236328,21.229999542236328,21.229999542236328,100.0
2017-11-03 00:00:00,20.992000579833984,21.18000030517578,20.992000579833984,21.18000030517578,21.18000030517578,900.0
2017-11-06 00:00:00,21.187999725341797,21.187999725341797,21.187999725341797,21.187999725341797,21.187999725341797,200.0
2017-11-07 00:00:00,21.04199981689453,21.18000030517578,21.04199981689453,21.18000030517578,21.18000030517578,1000.0
2017-11-08 00:00:00,21.18000030517578,21.18000030517578,21.18000030517578,21.18000030517578,21.18000030517578,0.0
2017-11-09 00:00:00,21.200000762939453,21.200000762939453,21.117000579833984,21.117000579833984,21.117000579833984,1500.0
2017-11-10 00:00:00,21.117000579833984,21.117000579833984,21.117000579833984,21.117000579833984,21.117000579833984,0.0
2017-11-13 00:00:00,21.117000579833984,21.117000579833984,21.117000579833984,21.117000579833984,21.117000579833984,0.0
2017-11-14 00:00:00,21.1200008392334,21.1200008392334,21.1200008392334,21.1200008392334,21.1200008392334,200.0
2017-11-15 00:00:00,21.1200008392334,21.1200008392334,21.1200008392334,21.1200008392334,21.1200008392334,0.0
2017-11-16 00:00:00,21.110000610351562,21.110000610351562,21.110000610351562,21.110000610351562,21.110000610351562,200.0
2017-11-17 00:00:00,21.110000610351562,21.110000610351562,21.110000610351562,21.110000610351562,21.110000610351562,0.0
2017-11-20 00:00:00,21.190000534057617,21.190000534057617,21.190000534057617,21.190000534057617,21.190000534057617,3800.0
2017-11-21 00:00:00,21.399999618530273,21.399999618530273,21.399999618530273,21.399999618530273,21.399999618530273,300.0
2017-11-22 00:00:00,21.399999618530273,21.399999618530273,21.399999618530273,21.399999618530273,21.399999618530273,0.0
2017-11-24 00:00:00,21.399999618530273,21.399999618530273,21.399999618530273,21.399999618530273,21.399999618530273,0.0
2017-11-27 00:00:00,21.399999618530273,21.399999618530273,21.399999618530273,21.399999618530273,21.399999618530273,0.0
2017-11-28 00:00:00,21.399999618530273,21.399999618530273,21.399999618530273,21.399999618530273,21.399999618530273,0.0
2017-11-29 00:00:00,21.399999618530273,21.399999618530273,21.399999618530273,21.399999618530273,21.399999618530273,0.0
2017-11-30 00:00:00,21.399999618530273,21.399999618530273,21.399999618530273,21.399999618530273,21.399999618530273,100.0
2017-12-01 00:00:00,21.399999618530273,21.399999618530273,21.399999618530273,21.399999618530273,21.399999618530273,0.0
2017-12-04 00:00:00,21.399999618530273,21.399999618530273,21.399999618530273,21.399999618530273,21.399999618530273,0.0
2017-12-05 00:00:00,21.35700035095215,21.35700035095215,21.35700035095215,21.35700035095215,21.35700035095215,200.0
2017-12-06 00:00:00,19.260000228881836,21.18000030517578,19.260000228881836,21.18000030517578,21.18000030517578,1000.0
2017-12-07 00:00:00,21.18000030517578,21.18000030517578,21.18000030517578,21.18000030517578,21.18000030517578,0.0
2017-12-08 00:00:00,19.260000228881836,21.190000534057617,19.260000228881836,21.190000534057617,21.190000534057617,800.0
2017-12-11 00:00:00,21.459999084472656,21.479999542236328,21.260000228881836,21.424999237060547,21.424999237060547,1600.0
2017-12-12 00:00:00,21.5,21.5,21.5,21.5,21.5,200.0
2017-12-13 00:00:00,21.201000213623047,21.201000213623047,21.201000213623047,21.201000213623047,21.201000213623047,500.0
2017-12-14 00:00:00,21.15999984741211,21.260000228881836,21.15999984741211,21.260000228881836,21.260000228881836,900.0
2017-12-15 00:00:00,21.260000228881836,21.260000228881836,21.260000228881836,21.260000228881836,21.260000228881836,0.0
2017-12-18 00:00:00,21.437999725341797,21.437999725341797,21.437999725341797,21.437999725341797,21.437999725341797,100.0
2017-12-19 00:00:00,21.437999725341797,21.437999725341797,21.437999725341797,21.437999725341797,21.437999725341797,0.0
2017-12-20 00:00:00,21.437999725341797,21.437999725341797,21.437999725341797,21.437999725341797,21.437999725341797,0.0
2017-12-21 00:00:00,21.437999725341797,21.437999725341797,21.437999725341797,21.437999725341797,21.437999725341797,0.0
2017-12-22 00:00:00,21.25,21.25,21.25,21.25,21.25,100.0
2017-12-26 00:00:00,21.25,21.25,21.25,21.25,21.25,0.0
2017-12-27 00:00:00,21.25,21.25,21.25,21.25,21.25,0.0
2017-12-28 00:00:00,21.25,21.25,21.25,21.25,21.25,0.0
2017-12-29 00:00:00,21.25,21.25,21.25,21.25,21.25,0.0
2018-01-02 00:00:00,21.6200008392334,21.6200008392334,21.6200008392334,21.6200008392334,21.6200008392334,1200.0
2018-01-03 00:00:00,21.493999481201172,21.600000381469727,21.493999481201172,21.493999481201172,21.493999481201172,900.0
2018-01-04 00:00:00,21.493999481201172,21.493999481201172,21.493999481201172,21.493999481201172,21.493999481201172,0.0
2018-01-05 00:00:00,21.329999923706055,21.329999923706055,21.329999923706055,21.329999923706055,21.329999923706055,300.0
2018-01-08 00:00:00,21.68000030517578,21.68000030517578,21.34000015258789,21.363000869750977,21.363000869750977,1000.0
2018-01-09 00:00:00,21.363000869750977,21.363000869750977,21.363000869750977,21.363000869750977,21.363000869750977,0.0
2018-01-10 00:00:00,21.527000427246094,21.549999237060547,21.413999557495117,21.413999557495117,21.413999557495117,1800.0
2018-01-11 00:00:00,21.413999557495117,21.413999557495117,21.413999557495117,21.413999557495117,21.413999557495117,0.0
2018-01-12 00:00:00,21.264999389648438,21.399999618530273,21.264999389648438,21.399999618530273,21.399999618530273,500.0
2018-01-16 00:00:00,21.399999618530273,21.399999618530273,21.399999618530273,21.399999618530273,21.399999618530273,0.0
2018-01-17 00:00:00,21.399999618530273,21.399999618530273,21.399999618530273,21.399999618530273,21.399999618530273,0.0
2018-01-18 00:00:00,21.399999618530273,21.399999618530273,21.399999618530273,21.399999618530273,21.399999618530273,0.0
2018-01-19 00:00:00,21.399999618530273,21.399999618530273,21.399999618530273,21.399999618530273,21.399999618530273,0.0
2018-01-22 00:00:00,21.399999618530273,21.399999618530273,21.399999618530273,21.399999618530273,21.399999618530273,0.0
2018-01-23 00:00:00,21.510000228881836,21.530000686645508,21.415000915527344,21.415000915527344,21.415000915527344,1500.0
2018-01-24 00:00:00,21.309999465942383,21.38800048828125,21.309999465942383,21.38800048828125,21.38800048828125,700.0
2018-01-25 00:00:00,21.139999389648438,21.270000457763672,21.139999389648438,21.270000457763672,21.270000457763672,400.0
2018-01-26 00:00:00,21.299999237060547,21.299999237060547,21.299999237060547,21.299999237060547,21.299999237060547,200.0
2018-01-29 00:00:00,21.299999237060547,21.299999237060547,21.299999237060547,21.299999237060547,21.299999237060547,0.0
2018-01-30 00:00:00,21.299999237060547,21.299999237060547,21.299999237060547,21.299999237060547,21.299999237060547,0.0
2018-01-31 00:00:00,21.299999237060547,21.299999237060547,21.299999237060547,21.299999237060547,21.299999237060547,0.0
2018-02-01 00:00:00,21.280000686645508,21.361000061035156,21.280000686645508,21.361000061035156,21.361000061035156,400.0
2018-02-02 00:00:00,21.35099983215332,21.35099983215332,21.35099983215332,21.35099983215332,21.35099983215332,400.0
2018-02-05 00:00:00,21.35099983215332,21.35099983215332,21.35099983215332,21.35099983215332,21.35099983215332,0.0
2018-02-06 00:00:00,21.35099983215332,21.35099983215332,21.35099983215332,21.35099983215332,21.35099983215332,0.0
2018-02-07 00:00:00,21.389999389648438,21.709999084472656,21.389999389648438,21.709999084472656,21.709999084472656,900.0
2018-02-08 00:00:00,21.799999237060547,21.993999481201172,21.694000244140625,21.993999481201172,21.993999481201172,1800.0
2018-02-09 00:00:00,21.989999771118164,21.989999771118164,21.950000762939453,21.989999771118164,21.989999771118164,1100.0
2018-02-12 00:00:00,21.989999771118164,21.989999771118164,21.989999771118164,21.989999771118164,21.989999771118164,0.0
2018-02-13 00:00:00,21.649999618530273,21.65999984741211,21.641000747680664,21.652999877929688,21.652999877929688,1800.0
2018-02-14 00:00:00,22.149999618530273,22.149999618530273,22.149999618530273,22.149999618530273,22.149999618530273,400.0
2018-02-15 00:00:00,22.149999618530273,22.149999618530273,22.149999618530273,22.149999618530273,22.149999618530273,0.0
2018-02-16 00:00:00,21.799999237060547,21.799999237060547,21.770000457763672,21.770000457763672,21.770000457763672,300.0
2018-02-20 00:00:00,21.770000457763672,21.770000457763672,21.770000457763672,21.770000457763672,21.770000457763672,0.0
2018-02-21 00:00:00,21.774999618530273,21.774999618530273,21.687000274658203,21.69099998474121,21.69099998474121,600.0
2018-02-22 00:00:00,21.70400047302246,21.733999252319336,21.70400047302246,21.70400047302246,21.70400047302246,500.0
2018-02-23 00:00:00,21.70400047302246,21.70400047302246,21.70400047302246,21.70400047302246,21.70400047302246,0.0
2018-02-26 00:00:00,21.469999313354492,21.469999313354492,21.469999313354492,21.469999313354492,21.469999313354492,400.0
2018-02-27 00:00:00,21.469999313354492,21.469999313354492,21.469999313354492,21.469999313354492,21.469999313354492,0.0
2018-02-28 00:00:00,21.469999313354492,21.469999313354492,21.469999313354492,21.469999313354492,21.469999313354492,0.0
2018-03-01 00:00:00,21.790000915527344,21.790000915527344,21.790000915527344,21.790000915527344,21.790000915527344,500.0
2018-03-02 00:00:00,21.790000915527344,21.790000915527344,21.790000915527344,21.790000915527344,21.790000915527344,0.0
2018-03-05 00:00:00,21.711999893188477,21.850000381469727,21.711999893188477,21.850000381469727,21.850000381469727,1000.0
2018-03-06 00:00:00,21.72100067138672,21.72100067138672,21.72100067138672,21.72100067138672,21.72100067138672,300.0
2018-03-07 00:00:00,21.72100067138672,21.72100067138672,21.72100067138672,21.72100067138672,21.72100067138672,0.0
2018-03-08 00:00:00,21.72100067138672,21.72100067138672,21.72100067138672,21.72100067138672,21.72100067138672,0.0
2018-03-09 00:00:00,21.72100067138672,21.72100067138672,21.72100067138672,21.72100067138672,21.72100067138672,0.0
2018-03-12 00:00:00,21.56999969482422,21.71500015258789,21.56999969482422,21.71500015258789,21.71500015258789,800.0
2018-03-13 00:00:00,21.71500015258789,21.71500015258789,21.71500015258789,21.71500015258789,21.71500015258789,0.0
2018-03-14 00:00:00,21.71500015258789,21.71500015258789,21.71500015258789,21.71500015258789,21.71500015258789,0.0
2018-03-15 00:00:00,21.690000534057617,21.716999053955078,21.690000534057617,21.701000213623047,21.701000213623047,1800.0
2018-03-16 00:00:00,21.701000213623047,21.701000213623047,21.701000213623047,21.701000213623047,21.701000213623047,0.0
2018-03-19 00:00:00,21.701000213623047,21.701000213623047,21.701000213623047,21.701000213623047,21.701000213623047,0.0
2018-03-20 00:00:00,21.701000213623047,21.701000213623047,21.701000213623047,21.701000213623047,21.701000213623047,0.0
2018-03-21 00:00:00,21.701000213623047,21.701000213623047,21.701000213623047,21.701000213623047,21.701000213623047,0.0
2018-03-22 00:00:00,21.701000213623047,21.701000213623047,21.701000213623047,21.701000213623047,21.701000213623047,0.0
2018-03-23 00:00:00,21.701000213623047,21.701000213623047,21.701000213623047,21.701000213623047,21.701000213623047,0.0
2018-03-26 00:00:00,21.701000213623047,21.701000213623047,21.701000213623047,21.701000213623047,21.701000213623047,0.0
2018-03-27 00:00:00,21.950000762939453,21.950000762939453,21.950000762939453,21.950000762939453,21.950000762939453,100.0
2018-03-28 00:00:00,21.950000762939453,21.950000762939453,21.950000762939453,21.950000762939453,21.950000762939453,0.0
2018-03-29 00:00:00,21.950000762939453,21.950000762939453,21.950000762939453,21.950000762939453,21.950000762939453,0.0
2018-04-02 00:00:00,21.979999542236328,21.979999542236328,21.924999237060547,21.924999237060547,21.924999237060547,800.0
2018-04-03 00:00:00,22.0,22.0,21.790000915527344,21.969999313354492,21.969999313354492,3000.0
2018-04-04 00:00:00,22.149999618530273,22.15999984741211,22.149999618530273,22.15999984741211,22.15999984741211,900.0
2018-04-05 00:00:00,22.15999984741211,22.15999984741211,22.15999984741211,22.15999984741211,22.15999984741211,0.0
2018-04-06 00:00:00,22.15999984741211,22.15999984741211,22.15999984741211,22.15999984741211,22.15999984741211,0.0
2018-04-09 00:00:00,22.020000457763672,22.020000457763672,22.020000457763672,22.020000457763672,22.020000457763672,2700.0
2018-04-10 00:00:00,23.5,23.5,22.15999984741211,22.15999984741211,22.15999984741211,500.0
2018-04-11 00:00:00,22.5,22.5,22.5,22.5,22.5,400.0
2018-04-12 00:00:00,22.5,22.5,22.5,22.5,22.5,0.0
2018-04-13 00:00:00,22.5,22.5,22.5,22.5,22.5,0.0
2018-04-16 00:00:00,21.030000686645508,21.030000686645508,21.030000686645508,21.030000686645508,21.030000686645508,100.0
2018-04-17 00:00:00,22.0,22.0,21.979999542236328,22.0,22.0,600.0
2018-04-18 00:00:00,22.0,22.0,22.0,22.0,22.0,0.0
2018-04-19 00:00:00,22.253999710083008,22.253999710083008,22.253999710083008,22.253999710083008,22.253999710083008,100.0
2018-04-20 00:00:00,22.253999710083008,22.253999710083008,22.253999710083008,22.253999710083008,22.253999710083008,0.0
2018-04-23 00:00:00,21.81999969482422,21.979999542236328,21.81999969482422,21.979999542236328,21.979999542236328,4900.0
2018-04-24 00:00:00,22.010000228881836,22.010000228881836,22.010000228881836,22.010000228881836,22.010000228881836,300.0
2018-04-25 00:00:00,22.209999084472656,22.209999084472656,21.899999618530273,21.968000411987305,21.968000411987305,1700.0
2018-04-26 00:00:00,22.097999572753906,22.097999572753906,22.097999572753906,22.097999572753906,22.097999572753906,400.0
2018-04-27 00:00:00,22.097999572753906,22.097999572753906,22.097999572753906,22.097999572753906,22.097999572753906,0.0
2018-04-30 00:00:00,22.097999572753906,22.097999572753906,22.097999572753906,22.097999572753906,22.097999572753906,0.0
2018-05-01 00:00:00,22.097999572753906,22.097999572753906,22.097999572753906,22.097999572753906,22.097999572753906,0.0
2018-05-02 00:00:00,22.097999572753906,22.097999572753906,22.097999572753906,22.097999572753906,22.097999572753906,0.0
2018-05-03 00:00:00,22.097999572753906,22.097999572753906,22.097999572753906,22.097999572753906,22.097999572753906,0.0
2018-05-04 00:00:00,22.097999572753906,22.097999572753906,22.097999572753906,22.097999572753906,22.097999572753906,0.0
2018-05-07 00:00:00,22.097999572753906,22.097999572753906,22.097999572753906,22.097999572753906,22.097999572753906,0.0
2018-05-08 00:00:00,21.809999465942383,21.809999465942383,21.809999465942383,21.809999465942383,21.809999465942383,200.0
2018-05-09 00:00:00,21.809999465942383,21.809999465942383,21.809999465942383,21.809999465942383,21.809999465942383,0.0
2018-05-10 00:00:00,19.75,20.149999618530273,19.75,20.149999618530273,20.149999618530273,800.0
2018-05-11 00:00:00,22.139999389648438,22.139999389648438,21.989999771118164,21.989999771118164,21.989999771118164,400.0
2018-05-14 00:00:00,22.165000915527344,22.165000915527344,21.93000030517578,21.93000030517578,21.93000030517578,1100.0
2018-05-15 00:00:00,21.93000030517578,21.93000030517578,21.93000030517578,21.93000030517578,21.93000030517578,0.0
2018-05-16 00:00:00,22.04599952697754,22.04599952697754,22.04599952697754,22.04599952697754,22.04599952697754,200.0
2018-05-17 00:00:00,21.8799991607666,21.94499969482422,21.8799991607666,21.94499969482422,21.94499969482422,700.0
2018-05-18 00:00:00,22.09000015258789,22.09000015258789,22.09000015258789,22.09000015258789,22.09000015258789,100.0
2018-05-21 00:00:00,22.09000015258789,22.09000015258789,22.09000015258789,22.09000015258789,22.09000015258789,0.0
2018-05-22 00:00:00,22.059999465942383,22.079999923706055,22.059999465942383,22.079999923706055,22.079999923706055,600.0
2018-05-23 00:00:00,22.04599952697754,22.04599952697754,22.04599952697754,22.04599952697754,22.04599952697754,200.0
2018-05-24 00:00:00,22.020000457763672,22.020000457763672,22.020000457763672,22.020000457763672,22.020000457763672,200.0
2018-05-25 00:00:00,22.020000457763672,22.020000457763672,22.020000457763672,22.020000457763672,22.020000457763672,0.0
2018-05-29 00:00:00,21.819000244140625,21.819000244140625,21.819000244140625,21.819000244140625,21.819000244140625,100.0
2018-05-30 00:00:00,21.819000244140625,21.819000244140625,21.819000244140625,21.819000244140625,21.819000244140625,0.0
2018-05-31 00:00:00,21.819000244140625,21.819000244140625,21.819000244140625,21.819000244140625,21.819000244140625,0.0
2018-06-01 00:00:00,21.819000244140625,21.819000244140625,21.819000244140625,21.819000244140625,21.819000244140625,0.0
2018-06-04 00:00:00,21.799999237060547,21.799999237060547,21.799999237060547,21.799999237060547,21.799999237060547,400.0
2018-06-05 00:00:00,21.799999237060547,21.799999237060547,21.799999237060547,21.799999237060547,21.799999237060547,0.0
2018-06-06 00:00:00,21.799999237060547,21.799999237060547,21.799999237060547,21.799999237060547,21.799999237060547,0.0
2018-06-07 00:00:00,21.799999237060547,21.799999237060547,21.799999237060547,21.799999237060547,21.799999237060547,0.0
2018-06-08 00:00:00,21.799999237060547,21.799999237060547,21.799999237060547,21.799999237060547,21.799999237060547,0.0
2018-06-11 00:00:00,21.799999237060547,21.799999237060547,21.799999237060547,21.799999237060547,21.799999237060547,0.0
2018-06-12 00:00:00,21.84000015258789,21.84000015258789,21.84000015258789,21.84000015258789,21.84000015258789,1100.0
2018-06-13 00:00:00,21.84000015258789,21.84000015258789,21.84000015258789,21.84000015258789,21.84000015258789,0.0
2018-06-14 00:00:00,21.84000015258789,21.84000015258789,21.84000015258789,21.84000015258789,21.84000015258789,0.0
2018-06-15 00:00:00,21.84000015258789,21.84000015258789,21.84000015258789,21.84000015258789,21.84000015258789,0.0
2018-06-18 00:00:00,21.84000015258789,21.84000015258789,21.84000015258789,21.84000015258789,21.84000015258789,0.0
2018-06-19 00:00:00,21.957000732421875,21.957000732421875,21.957000732421875,21.957000732421875,21.957000732421875,600.0
2018-06-20 00:00:00,22.03700065612793,22.03700065612793,22.03700065612793,22.03700065612793,22.03700065612793,300.0
2018-06-21 00:00:00,22.03700065612793,22.03700065612793,22.03700065612793,22.03700065612793,22.03700065612793,0.0
2018-06-22 00:00:00,22.03700065612793,22.03700065612793,22.03700065612793,22.03700065612793,22.03700065612793,0.0
2018-06-25 00:00:00,22.270000457763672,22.270000457763672,22.270000457763672,22.270000457763672,22.270000457763672,500.0
2018-06-26 00:00:00,22.270000457763672,22.270000457763672,22.270000457763672,22.270000457763672,22.270000457763672,0.0
2018-06-27 00:00:00,22.270000457763672,22.270000457763672,22.270000457763672,22.270000457763672,22.270000457763672,0.0
2018-06-28 00:00:00,22.270000457763672,22.270000457763672,22.270000457763672,22.270000457763672,22.270000457763672,0.0
2018-06-29 00:00:00,22.020000457763672,22.020000457763672,22.020000457763672,22.020000457763672,22.020000457763672,700.0
2018-07-02 00:00:00,22.020000457763672,22.020000457763672,22.020000457763672,22.020000457763672,22.020000457763672,0.0
2018-07-03 00:00:00,22.020000457763672,22.020000457763672,22.020000457763672,22.020000457763672,22.020000457763672,0.0
2018-07-05 00:00:00,22.020000457763672,22.020000457763672,22.020000457763672,22.020000457763672,22.020000457763672,0.0
2018-07-06 00:00:00,22.020000457763672,22.020000457763672,22.020000457763672,22.020000457763672,22.020000457763672,0.0
2018-07-09 00:00:00,22.020000457763672,22.020000457763672,22.020000457763672,22.020000457763672,22.020000457763672,0.0
2018-07-10 00:00:00,22.020000457763672,22.020000457763672,22.020000457763672,22.020000457763672,22.020000457763672,0.0
2018-07-11 00:00:00,22.020000457763672,22.020000457763672,22.020000457763672,22.020000457763672,22.020000457763672,0.0
2018-07-12 00:00:00,22.020000457763672,22.020000457763672,22.020000457763672,22.020000457763672,22.020000457763672,0.0
2018-07-13 00:00:00,22.020000457763672,22.020000457763672,22.020000457763672,22.020000457763672,22.020000457763672,0.0
2018-07-16 00:00:00,22.020000457763672,22.020000457763672,22.020000457763672,22.020000457763672,22.020000457763672,0.0
2018-07-17 00:00:00,22.020000457763672,22.020000457763672,22.020000457763672,22.020000457763672,22.020000457763672,0.0
2018-07-18 00:00:00,21.920000076293945,22.0,21.886999130249023,22.0,22.0,300.0
2018-07-19 00:00:00,22.0,22.0,22.0,22.0,22.0,0.0
2018-07-20 00:00:00,22.040000915527344,22.040000915527344,22.040000915527344,22.040000915527344,22.040000915527344,200.0
2018-07-23 00:00:00,22.0,22.0,22.0,22.0,22.0,800.0
2018-07-24 00:00:00,22.0,22.0,22.0,22.0,22.0,1400.0
2018-07-25 00:00:00,21.76099967956543,21.76099967956543,21.76099967956543,21.76099967956543,21.76099967956543,200.0
2018-07-26 00:00:00,21.79199981689453,21.899999618530273,21.79199981689453,21.899999618530273,21.899999618530273,1600.0
2018-07-27 00:00:00,21.899999618530273,21.899999618530273,21.899999618530273,21.899999618530273,21.899999618530273,0.0
2018-07-30 00:00:00,21.899999618530273,21.899999618530273,21.899999618530273,21.899999618530273,21.899999618530273,0.0
2018-07-31 00:00:00,21.899999618530273,21.899999618530273,21.899999618530273,21.899999618530273,21.899999618530273,0.0
2018-08-01 00:00:00,21.8799991607666,21.920000076293945,21.799999237060547,21.920000076293945,21.920000076293945,1200.0
2018-08-02 00:00:00,21.979999542236328,21.979999542236328,21.979999542236328,21.979999542236328,21.979999542236328,100.0
2018-08-03 00:00:00,21.909000396728516,21.909000396728516,21.909000396728516,21.909000396728516,21.909000396728516,200.0
2018-08-06 00:00:00,21.83099937438965,21.83099937438965,21.83099937438965,21.83099937438965,21.83099937438965,100.0
2018-08-07 00:00:00,21.83099937438965,21.83099937438965,21.83099937438965,21.83099937438965,21.83099937438965,0.0
2018-08-08 00:00:00,21.83099937438965,21.83099937438965,21.83099937438965,21.83099937438965,21.83099937438965,100.0
2018-08-09 00:00:00,21.83099937438965,21.83099937438965,21.83099937438965,21.83099937438965,21.83099937438965,0.0
2018-08-10 00:00:00,21.827999114990234,21.827999114990234,21.827999114990234,21.827999114990234,21.827999114990234,400.0
2018-08-13 00:00:00,21.827999114990234,21.827999114990234,21.827999114990234,21.827999114990234,21.827999114990234,0.0
2018-08-14 00:00:00,21.799999237060547,21.799999237060547,21.799999237060547,21.799999237060547,21.799999237060547,700.0
2018-08-15 00:00:00,21.799999237060547,21.799999237060547,21.729999542236328,21.729999542236328,21.729999542236328,400.0
2018-08-16 00:00:00,21.73200035095215,21.850000381469727,21.73200035095215,21.849000930786133,21.849000930786133,600.0
2018-08-17 00:00:00,21.729999542236328,21.77400016784668,21.729999542236328,21.729999542236328,21.729999542236328,1800.0
2018-08-20 00:00:00,21.739999771118164,21.739999771118164,21.739999771118164,21.739999771118164,21.739999771118164,200.0
2018-08-21 00:00:00,21.739999771118164,21.739999771118164,21.739999771118164,21.739999771118164,21.739999771118164,0.0
2018-08-22 00:00:00,21.739999771118164,21.849000930786133,21.739999771118164,21.849000930786133,21.849000930786133,900.0
2018-08-23 00:00:00,21.849000930786133,21.849000930786133,21.849000930786133,21.849000930786133,21.849000930786133,0.0
2018-08-24 00:00:00,21.849000930786133,21.849000930786133,21.849000930786133,21.849000930786133,21.849000930786133,0.0
2018-08-27 00:00:00,21.849000930786133,21.849000930786133,21.849000930786133,21.849000930786133,21.849000930786133,0.0
2018-08-28 00:00:00,21.849000930786133,21.849000930786133,21.849000930786133,21.849000930786133,21.849000930786133,0.0
2018-08-29 00:00:00,21.729999542236328,21.729999542236328,21.729999542236328,21.729999542236328,21.729999542236328,400.0
2018-08-30 00:00:00,21.729999542236328,21.729999542236328,21.475000381469727,21.475000381469727,21.475000381469727,3500.0
2018-08-31 00:00:00,21.475000381469727,21.475000381469727,21.475000381469727,21.475000381469727,21.475000381469727,0.0
2018-09-04 00:00:00,21.475000381469727,21.475000381469727,21.475000381469727,21.475000381469727,21.475000381469727,0.0
2018-09-05 00:00:00,21.75,21.75,21.510000228881836,21.610000610351562,21.610000610351562,1600.0
2018-09-06 00:00:00,21.610000610351562,21.610000610351562,21.610000610351562,21.610000610351562,21.610000610351562,0.0
2018-09-07 00:00:00,21.610000610351562,21.610000610351562,21.610000610351562,21.610000610351562,21.610000610351562,0.0
2018-09-10 00:00:00,21.729999542236328,21.729999542236328,21.729999542236328,21.729999542236328,21.729999542236328,200.0
2018-09-11 00:00:00,21.538999557495117,21.538999557495117,21.538999557495117,21.538999557495117,21.538999557495117,200.0
2018-09-12 00:00:00,21.538999557495117,21.538999557495117,21.538999557495117,21.538999557495117,21.538999557495117,0.0
2018-09-13 00:00:00,21.523000717163086,21.523000717163086,21.46500015258789,21.46500015258789,21.46500015258789,900.0
2018-09-14 00:00:00,21.46500015258789,21.46500015258789,21.46500015258789,21.46500015258789,21.46500015258789,0.0
2018-09-17 00:00:00,21.46500015258789,21.46500015258789,21.46500015258789,21.46500015258789,21.46500015258789,0.0
2018-09-18 00:00:00,21.690000534057617,21.690000534057617,21.690000534057617,21.690000534057617,21.690000534057617,400.0
2018-09-19 00:00:00,21.690000534057617,21.690000534057617,21.690000534057617,21.690000534057617,21.690000534057617,0.0
2018-09-20 00:00:00,21.58300018310547,21.58300018310547,21.43000030517578,21.514999389648438,21.514999389648438,1700.0
2018-09-21 00:00:00,21.514999389648438,21.514999389648438,21.514999389648438,21.514999389648438,21.514999389648438,0.0
2018-09-24 00:00:00,21.514999389648438,21.514999389648438,21.514999389648438,21.514999389648438,21.514999389648438,0.0
2018-09-25 00:00:00,21.514999389648438,21.514999389648438,21.514999389648438,21.514999389648438,21.514999389648438,0.0
2018-09-26 00:00:00,21.402999877929688,21.402999877929688,21.402999877929688,21.402999877929688,21.402999877929688,200.0
2018-09-27 00:00:00,21.684999465942383,21.684999465942383,21.613000869750977,21.613000869750977,21.613000869750977,2000.0
2018-09-28 00:00:00,21.729999542236328,21.729999542236328,21.665000915527344,21.665000915527344,21.665000915527344,700.0
2018-10-01 00:00:00,21.530000686645508,21.530000686645508,21.530000686645508,21.530000686645508,21.530000686645508,500.0
2018-10-02 00:00:00,21.545000076293945,21.760000228881836,21.540000915527344,21.760000228881836,21.760000228881836,16200.0
2018-10-03 00:00:00,22.0,22.0,21.510000228881836,21.589000701904297,21.589000701904297,7200.0
2018-10-04 00:00:00,21.559999465942383,21.63599967956543,21.559999465942383,21.63599967956543,21.63599967956543,4100.0
2018-10-05 00:00:00,21.63599967956543,21.63599967956543,21.63599967956543,21.63599967956543,21.63599967956543,0.0
2018-10-08 00:00:00,21.770000457763672,21.770000457763672,21.770000457763672,21.770000457763672,21.770000457763672,600.0
2018-10-09 00:00:00,21.601999282836914,21.670000076293945,21.523000717163086,21.670000076293945,21.670000076293945,2800.0
2018-10-10 00:00:00,21.670000076293945,21.670000076293945,21.670000076293945,21.670000076293945,21.670000076293945,0.0
2018-10-11 00:00:00,21.625,21.625,21.540000915527344,21.540000915527344,21.540000915527344,1500.0
2018-10-12 00:00:00,21.540000915527344,21.540000915527344,21.540000915527344,21.540000915527344,21.540000915527344,0.0
2018-10-15 00:00:00,21.75,21.75,21.75,21.75,21.75,500.0
2018-10-16 00:00:00,21.666000366210938,21.666000366210938,21.666000366210938,21.666000366210938,21.666000366210938,200.0
2018-10-17 00:00:00,21.666000366210938,21.666000366210938,21.666000366210938,21.666000366210938,21.666000366210938,0.0
2018-10-18 00:00:00,21.770000457763672,21.770000457763672,21.770000457763672,21.770000457763672,21.770000457763672,800.0
2018-10-19 00:00:00,21.709999084472656,21.709999084472656,21.555999755859375,21.555999755859375,21.555999755859375,900.0
2018-10-22 00:00:00,21.57900047302246,21.57900047302246,21.57900047302246,21.57900047302246,21.57900047302246,200.0
2018-10-23 00:00:00,21.836999893188477,21.836999893188477,21.836999893188477,21.836999893188477,21.836999893188477,100.0
2018-10-24 00:00:00,21.836999893188477,21.836999893188477,21.836999893188477,21.836999893188477,21.836999893188477,0.0
2018-10-25 00:00:00,21.608999252319336,21.608999252319336,21.55900001525879,21.55900001525879,21.55900001525879,4500.0
2018-10-26 00:00:00,21.55900001525879,21.55900001525879,21.55900001525879,21.55900001525879,21.55900001525879,0.0
2018-10-29 00:00:00,21.54199981689453,21.777000427246094,21.54199981689453,21.777000427246094,21.777000427246094,500.0
2018-10-30 00:00:00,21.996999740600586,21.996999740600586,21.996999740600586,21.996999740600586,21.996999740600586,300.0
2018-10-31 00:00:00,21.89699935913086,21.89699935913086,21.89699935913086,21.89699935913086,21.89699935913086,400.0
2018-11-01 00:00:00,21.8700008392334,21.8700008392334,21.8700008392334,21.8700008392334,21.8700008392334,200.0
2018-11-02 00:00:00,22.086999893188477,22.086999893188477,22.00200080871582,22.00200080871582,22.00200080871582,2600.0
2018-11-05 00:00:00,22.00200080871582,22.00200080871582,22.00200080871582,22.00200080871582,22.00200080871582,0.0
2018-11-06 00:00:00,22.15999984741211,22.15999984741211,21.990999221801758,22.100000381469727,22.100000381469727,12400.0
2018-11-07 00:00:00,22.170000076293945,22.170000076293945,22.079999923706055,22.079999923706055,22.079999923706055,3700.0
2018-11-08 00:00:00,22.030000686645508,22.030000686645508,21.982999801635742,22.030000686645508,22.030000686645508,1900.0
2018-11-09 00:00:00,22.110000610351562,25.260000228881836,21.947999954223633,25.260000228881836,25.260000228881836,4300.0
2018-11-12 00:00:00,25.260000228881836,25.260000228881836,22.020000457763672,22.020000457763672,22.020000457763672,300.0
2018-11-13 00:00:00,22.290000915527344,22.290000915527344,22.138999938964844,22.138999938964844,22.138999938964844,1000.0
2018-11-14 00:00:00,22.2189998626709,22.2189998626709,22.2189998626709,22.2189998626709,22.2189998626709,300.0
2018-11-15 00:00:00,22.40999984741211,22.4950008392334,22.375999450683594,22.489999771118164,22.489999771118164,71300.0
2018-11-16 00:00:00,22.368000030517578,22.3799991607666,22.149999618530273,22.3799991607666,22.3799991607666,7000.0
2018-11-19 00:00:00,22.260000228881836,22.260000228881836,22.260000228881836,22.260000228881836,22.260000228881836,2500.0
2018-11-20 00:00:00,22.249000549316406,22.249000549316406,22.09000015258789,22.09000015258789,22.09000015258789,3100.0
2018-11-21 00:00:00,22.266000747680664,22.43000030517578,22.190000534057617,22.283000946044922,22.283000946044922,4300.0
2018-11-23 00:00:00,22.283000946044922,22.283000946044922,22.283000946044922,22.283000946044922,22.283000946044922,0.0
2018-11-26 00:00:00,22.709999084472656,22.709999084472656,22.344999313354492,22.399999618530273,22.399999618530273,1500.0
2018-11-27 00:00:00,22.378999710083008,22.378999710083008,22.350000381469727,22.350000381469727,22.350000381469727,2000.0
2018-11-28 00:00:00,22.600000381469727,22.600000381469727,22.079999923706055,22.290000915527344,22.290000915527344,7400.0
2018-11-29 00:00:00,22.20800018310547,22.20800018310547,22.020000457763672,22.020000457763672,22.020000457763672,1800.0
2018-11-30 00:00:00,22.020000457763672,22.270000457763672,22.020000457763672,22.270000457763672,22.270000457763672,10400.0
2018-12-03 00:00:00,22.20199966430664,22.290000915527344,22.20199966430664,22.290000915527344,22.290000915527344,8400.0
2018-12-04 00:00:00,22.0,22.260000228881836,22.0,22.11199951171875,22.11199951171875,2200.0
2018-12-06 00:00:00,22.11199951171875,22.11199951171875,22.11199951171875,22.11199951171875,22.11199951171875,0.0
2018-12-07 00:00:00,22.11199951171875,22.11199951171875,22.11199951171875,22.11199951171875,22.11199951171875,100.0
2018-12-10 00:00:00,22.149999618530273,22.149999618530273,22.149999618530273,22.149999618530273,22.149999618530273,1300.0
2018-12-11 00:00:00,22.05500030517578,22.100000381469727,22.05500030517578,22.100000381469727,22.100000381469727,1600.0
2018-12-12 00:00:00,21.989999771118164,21.989999771118164,21.989999771118164,21.989999771118164,21.989999771118164,100.0
2018-12-13 00:00:00,21.989999771118164,21.989999771118164,21.989999771118164,21.989999771118164,21.989999771118164,100.0
2018-12-14 00:00:00,22.399999618530273,22.399999618530273,22.399999618530273,22.399999618530273,22.399999618530273,400.0
2018-12-17 00:00:00,22.0,22.0,22.0,22.0,22.0,900.0
2018-12-18 00:00:00,22.059999465942383,22.059999465942383,21.899999618530273,21.950000762939453,21.950000762939453,20200.0
2018-12-19 00:00:00,22.100000381469727,22.100000381469727,21.899999618530273,21.899999618530273,21.899999618530273,3200.0
2018-12-20 00:00:00,21.899999618530273,21.899999618530273,21.06999969482422,21.84000015258789,21.84000015258789,1300.0
2018-12-21 00:00:00,21.940000534057617,21.972000122070312,21.790000915527344,21.792999267578125,21.792999267578125,16500.0
2018-12-24 00:00:00,21.792999267578125,21.792999267578125,21.792999267578125,21.792999267578125,21.792999267578125,0.0
2018-12-26 00:00:00,21.792999267578125,21.792999267578125,21.792999267578125,21.792999267578125,21.792999267578125,0.0
2018-12-27 00:00:00,22.09000015258789,22.09000015258789,21.670000076293945,21.670000076293945,21.670000076293945,3900.0
2018-12-28 00:00:00,21.850000381469727,21.850000381469727,21.847999572753906,21.847999572753906,21.847999572753906,6900.0
2018-12-31 00:00:00,21.829999923706055,21.850000381469727,21.679000854492188,21.679000854492188,21.679000854492188,4500.0
2019-01-02 00:00:00,21.65999984741211,21.65999984741211,21.65999984741211,21.65999984741211,21.65999984741211,600.0
2019-01-03 00:00:00,21.672000885009766,21.75,21.672000885009766,21.75,21.75,300.0
2019-01-04 00:00:00,21.75,21.75,21.75,21.75,21.75,100.0
2019-01-07 00:00:00,21.75,21.75,21.75,21.75,21.75,2600.0
2019-01-08 00:00:00,21.8700008392334,21.8799991607666,21.690000534057617,21.76099967956543,21.76099967956543,10500.0
2019-01-09 00:00:00,21.690000534057617,21.93000030517578,21.690000534057617,21.93000030517578,21.93000030517578,900.0
2019-01-10 00:00:00,21.93000030517578,21.93000030517578,21.93000030517578,21.93000030517578,21.93000030517578,100.0
2019-01-11 00:00:00,21.93000030517578,21.93000030517578,21.93000030517578,21.93000030517578,21.93000030517578,100.0
2019-01-14 00:00:00,23.200000762939453,23.200000762939453,21.75,21.75,21.75,1900.0
2019-01-15 00:00:00,17.399999618530273,21.697999954223633,17.399999618530273,21.559999465942383,21.559999465942383,4800.0
2019-01-16 00:00:00,21.825000762939453,21.825000762939453,21.663000106811523,21.722000122070312,21.722000122070312,1800.0
2019-01-17 00:00:00,21.698999404907227,21.698999404907227,21.591999053955078,21.591999053955078,21.591999053955078,3600.0
2019-01-18 00:00:00,21.591999053955078,21.591999053955078,21.591999053955078,21.591999053955078,21.591999053955078,100.0
2019-01-22 00:00:00,21.591999053955078,21.591999053955078,21.591999053955078,21.591999053955078,21.591999053955078,100.0
2019-01-23 00:00:00,21.829999923706055,21.84000015258789,21.81999969482422,21.84000015258789,21.84000015258789,1300.0
2019-01-24 00:00:00,21.700000762939453,21.75,21.700000762939453,21.75,21.75,2100.0
2019-01-25 00:00:00,21.920000076293945,21.93000030517578,21.75,21.75,21.75,2300.0
2019-01-28 00:00:00,21.83799934387207,21.83799934387207,21.799999237060547,21.799999237060547,21.799999237060547,2200.0
2019-01-29 00:00:00,21.799999237060547,21.799999237060547,21.799999237060547,21.799999237060547,21.799999237060547,100.0
2019-01-30 00:00:00,21.799999237060547,21.799999237060547,21.799999237060547,21.799999237060547,21.799999237060547,0.0
2019-01-31 00:00:00,21.8700008392334,21.871000289916992,21.8700008392334,21.871000289916992,21.871000289916992,7200.0
2019-02-01 00:00:00,21.844999313354492,21.844999313354492,21.844999313354492,21.844999313354492,21.844999313354492,200.0
2019-02-04 00:00:00,21.93000030517578,21.93000030517578,21.86400032043457,21.86400032043457,21.86400032043457,2100.0
2019-02-05 00:00:00,21.90999984741211,21.90999984741211,21.90999984741211,21.90999984741211,21.90999984741211,700.0
2019-02-06 00:00:00,21.791000366210938,22.040000915527344,21.791000366210938,21.969999313354492,21.969999313354492,9300.0
2019-02-07 00:00:00,22.40999984741211,22.40999984741211,21.700000762939453,21.709999084472656,21.709999084472656,13000.0
2019-02-08 00:00:00,21.709999084472656,21.709999084472656,21.709999084472656,21.709999084472656,21.709999084472656,200.0
2019-02-11 00:00:00,21.775999069213867,21.775999069213867,21.71299934387207,21.71299934387207,21.71299934387207,800.0
2019-02-12 00:00:00,21.899999618530273,22.0,21.77400016784668,22.0,22.0,3800.0
2019-02-13 00:00:00,21.764999389648438,21.764999389648438,21.764999389648438,21.764999389648438,21.764999389648438,300.0
2019-02-14 00:00:00,21.91900062561035,21.969999313354492,21.91900062561035,21.969999313354492,21.969999313354492,3700.0
2019-02-15 00:00:00,21.969999313354492,21.969999313354492,21.969999313354492,21.969999313354492,21.969999313354492,100.0
2019-02-19 00:00:00,21.780000686645508,21.780000686645508,21.780000686645508,21.780000686645508,21.780000686645508,600.0
2019-02-20 00:00:00,21.780000686645508,21.780000686645508,21.780000686645508,21.780000686645508,21.780000686645508,200.0
2019-02-21 00:00:00,21.780000686645508,21.780000686645508,21.780000686645508,21.780000686645508,21.780000686645508,0.0
2019-02-22 00:00:00,21.780000686645508,21.780000686645508,21.780000686645508,21.780000686645508,21.780000686645508,0.0
2019-02-25 00:00:00,21.780000686645508,21.780000686645508,21.780000686645508,21.780000686645508,21.780000686645508,0.0
2019-02-26 00:00:00,21.780000686645508,21.780000686645508,21.780000686645508,21.780000686645508,21.780000686645508,0.0
2019-02-27 00:00:00,21.780000686645508,21.780000686645508,21.780000686645508,21.780000686645508,21.780000686645508,0.0
2019-02-28 00:00:00,,,,,,
2019-03-01 00:00:00,,,,,,
2019-03-04 00:00:00,,,,,,
2019-03-05 00:00:00,,,,,,
2019-03-06 00:00:00,,,,,,
2019-03-07 00:00:00,,,,,,
2019-03-08 00:00:00,,,,,,
2019-03-11 00:00:00,,,,,,
2019-03-12 00:00:00,,,,,,
2019-03-13 00:00:00,,,,,,
2019-03-14 00:00:00,,,,,,
2019-03-15 00:00:00,,,,,,
2019-03-18 00:00:00,,,,,,
2019-03-19 00:00:00,,,,,,
2019-03-20 00:00:00,,,,,,
2019-03-21 00:00:00,,,,,,
2019-03-22 00:00:00,,,,,,
2019-03-25 00:00:00,,,,,,
2019-03-26 00:00:00,,,,,,
2019-03-27 00:00:00,,,,,,
2019-03-28 00:00:00,,,,,,
2019-03-29 00:00:00,,,,,,
2019-04-01 00:00:00,,,,,,
2019-04-02 00:00:00,,,,,,
2019-04-03 00:00:00,,,,,,
2019-04-04 00:00:00,,,,,,
2019-04-05 00:00:00,,,,,,
2019-04-08 00:00:00,,,,,,
2019-04-09 00:00:00,,,,,,
2019-04-10 00:00:00,,,,,,
2019-04-11 00:00:00,,,,,,
2019-04-12 00:00:00,,,,,,
2019-04-15 00:00:00,,,,,,
2019-04-16 00:00:00,,,,,,
2019-04-17 00:00:00,,,,,,
2019-04-18 00:00:00,,,,,,
2019-04-22 00:00:00,,,,,,
2019-04-23 00:00:00,,,,,,
2019-04-24 00:00:00,,,,,,
2019-04-25 00:00:00,,,,,,
2019-04-26 00:00:00,,,,,,
2019-04-29 00:00:00,,,,,,
2019-04-30 00:00:00,,,,,,
2019-05-01 00:00:00,,,,,,
2019-05-02 00:00:00,,,,,,
2019-05-03 00:00:00,,,,,,
2019-05-06 00:00:00,,,,,,
2019-05-07 00:00:00,,,,,,
2019-05-08 00:00:00,,,,,,
2019-05-09 00:00:00,,,,,,
2019-05-10 00:00:00,,,,,,
2019-05-13 00:00:00,,,,,,
2019-05-14 00:00:00,,,,,,
2019-05-15 00:00:00,,,,,,
2019-05-16 00:00:00,,,,,,
2019-05-17 00:00:00,,,,,,
2019-05-20 00:00:00,,,,,,
2019-05-21 00:00:00,,,,,,
2019-05-22 00:00:00,,,,,,
2019-05-23 00:00:00,,,,,,
2019-05-24 00:00:00,,,,,,
2019-05-28 00:00:00,,,,,,
2019-05-29 00:00:00,,,,,,
2019-05-30 00:00:00,,,,,,
2019-05-31 00:00:00,,,,,,
2019-06-03 00:00:00,,,,,,
2019-06-04 00:00:00,,,,,,
2019-06-05 00:00:00,,,,,,
2019-06-06 00:00:00,,,,,,
2019-06-07 00:00:00,,,,,,
2019-06-10 00:00:00,,,,,,
2019-06-11 00:00:00,,,,,,
2019-06-12 00:00:00,,,,,,
2019-06-13 00:00:00,,,,,,
2019-06-14 00:00:00,,,,,,
2019-06-17 00:00:00,,,,,,
2019-06-18 00:00:00,,,,,,
2019-06-19 00:00:00,,,,,,
2019-06-20 00:00:00,,,,,,
2019-06-21 00:00:00,,,,,,
2019-06-24 00:00:00,,,,,,
2019-06-25 00:00:00,,,,,,
2019-06-26 00:00:00,,,,,,
2019-06-27 00:00:00,,,,,,
2019-06-28 00:00:00,,,,,,
2019-07-01 00:00:00,,,,,,
2019-07-02 00:00:00,,,,,,
2019-07-03 00:00:00,,,,,,
2019-07-05 00:00:00,,,,,,
2019-07-08 00:00:00,,,,,,
2019-07-09 00:00:00,,,,,,
2019-07-10 00:00:00,,,,,,
2019-07-11 00:00:00,,,,,,
2019-07-12 00:00:00,,,,,,
2019-07-15 00:00:00,,,,,,
2019-07-16 00:00:00,,,,,,
2019-07-17 00:00:00,,,,,,
2019-07-18 00:00:00,,,,,,
2019-07-19 00:00:00,,,,,,
2019-07-22 00:00:00,,,,,,
2019-07-23 00:00:00,,,,,,
2019-07-24 00:00:00,,,,,,
2019-07-25 00:00:00,,,,,,
2019-07-26 00:00:00,,,,,,
2019-07-29 00:00:00,,,,,,
2019-07-30 00:00:00,,,,,,
2019-07-31 00:00:00,,,,,,
2019-08-01 00:00:00,,,,,,
2019-08-02 00:00:00,,,,,,
2019-08-05 00:00:00,,,,,,
2019-08-06 00:00:00,,,,,,
2019-08-07 00:00:00,,,,,,
2019-08-08 00:00:00,,,,,,
2019-08-09 00:00:00,,,,,,
2019-08-12 00:00:00,,,,,,
2019-08-13 00:00:00,,,,,,
2019-08-14 00:00:00,,,,,,
2019-08-15 00:00:00,,,,,,
2019-08-16 00:00:00,,,,,,
2019-08-19 00:00:00,,,,,,
2019-08-20 00:00:00,,,,,,
2019-08-21 00:00:00,,,,,,
2019-08-22 00:00:00,,,,,,
2019-08-23 00:00:00,,,,,,
2019-08-26 00:00:00,,,,,,
2019-08-27 00:00:00,,,,,,
2019-08-28 00:00:00,,,,,,
2019-08-29 00:00:00,,,,,,
2019-08-30 00:00:00,,,,,,
2019-09-03 00:00:00,,,,,,
2019-09-04 00:00:00,,,,,,
2019-09-05 00:00:00,,,,,,
2019-09-06 00:00:00,,,,,,
2019-09-09 00:00:00,,,,,,
2019-09-10 00:00:00,,,,,,
2019-09-11 00:00:00,,,,,,
2019-09-12 00:00:00,,,,,,
2019-09-13 00:00:00,,,,,,
2019-09-16 00:00:00,,,,,,
2019-09-17 00:00:00,,,,,,
2019-09-18 00:00:00,,,,,,
2019-09-19 00:00:00,,,,,,
2019-09-20 00:00:00,,,,,,
2019-09-23 00:00:00,,,,,,
2019-09-24 00:00:00,,,,,,
2019-09-25 00:00:00,,,,,,
2019-09-26 00:00:00,,,,,,
2019-09-27 00:00:00,,,,,,
2019-09-30 00:00:00,,,,,,
2019-10-01 00:00:00,,,,,,
2019-10-02 00:00:00,,,,,,
2019-10-03 00:00:00,,,,,,
2019-10-04 00:00:00,,,,,,
2019-10-07 00:00:00,,,,,,
2019-10-08 00:00:00,,,,,,
2019-10-09 00:00:00,,,,,,
2019-10-10 00:00:00,,,,,,
2019-10-11 00:00:00,,,,,,
2019-10-14 00:00:00,,,,,,
2019-10-15 00:00:00,,,,,,
2019-10-16 00:00:00,,,,,,
2019-10-17 00:00:00,,,,,,
2019-10-18 00:00:00,,,,,,
2019-10-21 00:00:00,,,,,,
2019-10-22 00:00:00,,,,,,
2019-10-23 00:00:00,,,,,,
2019-10-24 00:00:00,,,,,,
2019-10-25 00:00:00,,,,,,
2019-10-28 00:00:00,,,,,,
2019-10-29 00:00:00,,,,,,
2019-10-30 00:00:00,,,,,,
2019-10-31 00:00:00,,,,,,
2019-11-01 00:00:00,,,,,,
2019-11-04 00:00:00,,,,,,
2019-11-05 00:00:00,,,,,,
2019-11-06 00:00:00,,,,,,
2019-11-07 00:00:00,,,,,,
2019-11-08 00:00:00,,,,,,
2019-11-11 00:00:00,,,,,,
2019-11-12 00:00:00,,,,,,
2019-11-13 00:00:00,,,,,,
2019-11-14 00:00:00,,,,,,
2019-11-15 00:00:00,,,,,,
2019-11-18 00:00:00,,,,,,
2019-11-19 00:00:00,,,,,,
2019-11-20 00:00:00,,,,,,
2019-11-21 00:00:00,,,,,,
2019-11-22 00:00:00,,,,,,
2019-11-25 00:00:00,,,,,,
2019-11-26 00:00:00,,,,,,
2019-11-27 00:00:00,,,,,,
2019-11-29 00:00:00,,,,,,
2019-12-02 00:00:00,,,,,,
2019-12-03 00:00:00,,,,,,
2019-12-04 00:00:00,,,,,,
2019-12-05 00:00:00,,,,,,
2019-12-06 00:00:00,,,,,,
2019-12-09 00:00:00,,,,,,
2019-12-10 00:00:00,,,,,,
2019-12-11 00:00:00,,,,,,
2019-12-12 00:00:00,,,,,,
2019-12-13 00:00:00,,,,,,
2019-12-16 00:00:00,,,,,,
2019-12-17 00:00:00,,,,,,
2019-12-18 00:00:00,,,,,,
2019-12-19 00:00:00,,,,,,
2019-12-20 00:00:00,,,,,,
2019-12-23 00:00:00,,,,,,
2019-12-24 00:00:00,,,,,,
2019-12-26 00:00:00,,,,,,
2019-12-27 00:00:00,,,,,,
2019-12-30 00:00:00,,,,,,
2019-12-31 00:00:00,,,,,,
2020-01-02 00:00:00,,,,,,
2020-01-03 00:00:00,,,,,,
2020-01-06 00:00:00,,,,,,
2020-01-07 00:00:00,,,,,,
2020-01-08 00:00:00,,,,,,
2020-01-09 00:00:00,,,,,,
2020-01-10 00:00:00,,,,,,
2020-01-13 00:00:00,,,,,,
2020-01-14 00:00:00,,,,,,
2020-01-15 00:00:00,,,,,,
2020-01-16 00:00:00,,,,,,
2020-01-17 00:00:00,,,,,,
2020-01-21 00:00:00,,,,,,
2020-01-22 00:00:00,,,,,,
2020-01-23 00:00:00,,,,,,
2020-01-24 00:00:00,,,,,,
2020-01-27 00:00:00,,,,,,
2020-01-28 00:00:00,,,,,,
2020-01-29 00:00:00,,,,,,
2020-01-30 00:00:00,,,,,,
2020-01-31 00:00:00,,,,,,
2020-02-03 00:00:00,,,,,,
2020-02-04 00:00:00,,,,,,
2020-02-05 00:00:00,,,,,,
2020-02-06 00:00:00,,,,,,
2020-02-07 00:00:00,,,,,,
2020-02-10 00:00:00,,,,,,
2020-02-11 00:00:00,,,,,,
2020-02-12 00:00:00,,,,,,
2020-02-13 00:00:00,,,,,,
2020-02-14 00:00:00,,,,,,
2020-02-18 00:00:00,,,,,,
2020-02-19 00:00:00,,,,,,
2020-02-20 00:00:00,,,,,,
2020-02-21 00:00:00,,,,,,
2020-02-24 00:00:00,,,,,,
2020-02-25 00:00:00,,,,,,
2020-02-26 00:00:00,,,,,,
2020-02-27 00:00:00,,,,,,
2020-02-28 00:00:00,,,,,,
2020-03-02 00:00:00,,,,,,
2020-03-03 00:00:00,,,,,,
2020-03-04 00:00:00,,,,,,
2020-03-05 00:00:00,,,,,,
2020-03-06 00:00:00,,,,,,
2020-03-09 00:00:00,,,,,,
2020-03-10 00:00:00,,,,,,
2020-03-11 00:00:00,,,,,,
2020-03-12 00:00:00,,,,,,
2020-03-13 00:00:00,,,,,,
2020-03-16 00:00:00,,,,,,
2020-03-17 00:00:00,,,,,,
2020-03-18 00:00:00,,,,,,
2020-03-19 00:00:00,,,,,,
2020-03-20 00:00:00,,,,,,
2020-03-23 00:00:00,,,,,,
2020-03-24 00:00:00,,,,,,
2020-03-25 00:00:00,,,,,,
2020-03-26 00:00:00,,,,,,
2020-03-27 00:00:00,,,,,,
2020-03-30 00:00:00,,,,,,
2020-03-31 00:00:00,,,,,,
2020-04-01 00:00:00,,,,,,
2020-04-02 00:00:00,,,,,,
2020-04-03 00:00:00,,,,,,
2020-04-06 00:00:00,,,,,,
2020-04-07 00:00:00,,,,,,
2020-04-08 00:00:00,,,,,,
2020-04-09 00:00:00,,,,,,
2020-04-13 00:00:00,,,,,,
2020-04-14 00:00:00,,,,,,
2020-04-15 00:00:00,,,,,,
2020-04-16 00:00:00,,,,,,
2020-04-17 00:00:00,,,,,,
2020-04-20 00:00:00,,,,,,
2020-04-21 00:00:00,,,,,,
2020-04-22 00:00:00,,,,,,
2020-04-23 00:00:00,,,,,,
2020-04-24 00:00:00,,,,,,
2020-04-27 00:00:00,,,,,,
2020-04-28 00:00:00,,,,,,
2020-04-29 00:00:00,,,,,,
2020-04-30 00:00:00,,,,,,
2020-05-01 00:00:00,,,,,,
2020-05-04 00:00:00,,,,,,
2020-05-05 00:00:00,,,,,,
2020-05-06 00:00:00,,,,,,
2020-05-07 00:00:00,,,,,,
2020-05-08 00:00:00,,,,,,
2020-05-11 00:00:00,,,,,,
2020-05-12 00:00:00,,,,,,
2020-05-13 00:00:00,,,,,,
2020-05-14 00:00:00,,,,,,
2020-05-15 00:00:00,,,,,,
2020-05-18 00:00:00,,,,,,
2020-05-19 00:00:00,,,,,,
2020-05-20 00:00:00,,,,,,
2020-05-21 00:00:00,,,,,,
2020-05-22 00:00:00,,,,,,
2020-05-26 00:00:00,,,,,,
2020-05-27 00:00:00,,,,,,
2020-05-28 00:00:00,,,,,,
2020-05-29 00:00:00,,,,,,
2020-06-01 00:00:00,,,,,,
2020-06-02 00:00:00,,,,,,
2020-06-03 00:00:00,,,,,,
2020-06-04 00:00:00,,,,,,
2020-06-05 00:00:00,,,,,,
2020-06-08 00:00:00,,,,,,
2020-06-09 00:00:00,,,,,,
2020-06-10 00:00:00,,,,,,
2020-06-11 00:00:00,,,,,,
2020-06-12 00:00:00,,,,,,
2020-06-15 00:00:00,,,,,,
2020-06-16 00:00:00,,,,,,
2020-06-17 00:00:00,,,,,,
2020-06-18 00:00:00,,,,,,
2020-06-19 00:00:00,,,,,,
2020-06-22 00:00:00,,,,,,
2020-06-23 00:00:00,,,,,,
2020-06-24 00:00:00,,,,,,
2020-06-25 00:00:00,,,,,,
2020-06-26 00:00:00,,,,,,
2020-06-29 00:00:00,,,,,,
2020-06-30 00:00:00,,,,,,
2020-07-01 00:00:00,,,,,,
2020-07-02 00:00:00,,,,,,
2020-07-06 00:00:00,,,,,,
2020-07-07 00:00:00,,,,,,
2020-07-08 00:00:00,,,,,,
2020-07-09 00:00:00,,,,,,
2020-07-10 00:00:00,,,,,,
2020-07-13 00:00:00,,,,,,
2020-07-14 00:00:00,,,,,,
2020-07-15 00:00:00,,,,,,
2020-07-16 00:00:00,,,,,,
2020-07-17 00:00:00,,,,,,
2020-07-20 00:00:00,,,,,,
2020-07-21 00:00:00,,,,,,
2020-07-22 00:00:00,,,,,,
2020-07-23 00:00:00,,,,,,
2020-07-24 00:00:00,,,,,,
2020-07-27 00:00:00,,,,,,
2020-07-28 00:00:00,,,,,,
2020-07-29 00:00:00,,,,,,
2020-07-30 00:00:00,,,,,,
2020-07-31 00:00:00,,,,,,
2020-08-03 00:00:00,,,,,,
2020-08-04 00:00:00,,,,,,
2020-08-05 00:00:00,,,,,,
2020-08-06 00:00:00,,,,,,
2020-08-07 00:00:00,,,,,,
2020-08-10 00:00:00,,,,,,
2020-08-11 00:00:00,,,,,,
2020-08-12 00:00:00,,,,,,
2020-08-13 00:00:00,,,,,,
2020-08-14 00:00:00,,,,,,
2020-08-17 00:00:00,,,,,,
2020-08-18 00:00:00,,,,,,
2020-08-19 00:00:00,,,,,,
2020-08-20 00:00:00,,,,,,
2020-08-21 00:00:00,,,,,,
2020-08-24 00:00:00,,,,,,
2020-08-25 00:00:00,,,,,,
2020-08-26 00:00:00,,,,,,
2020-08-27 00:00:00,,,,,,
2020-08-28 00:00:00,,,,,,
2020-08-31 00:00:00,,,,,,
2020-09-01 00:00:00,,,,,,
2020-09-02 00:00:00,,,,,,
2020-09-03 00:00:00,,,,,,
2020-09-04 00:00:00,,,,,,
2020-09-08 00:00:00,,,,,,
2020-09-09 00:00:00,,,,,,
2020-09-10 00:00:00,,,,,,
2020-09-11 00:00:00,,,,,,
2020-09-14 00:00:00,,,,,,
2020-09-15 00:00:00,,,,,,
2020-09-16 00:00:00,,,,,,
2020-09-17 00:00:00,,,,,,
2020-09-18 00:00:00,,,,,,
2020-09-21 00:00:00,,,,,,
2020-09-22 00:00:00,,,,,,
2020-09-23 00:00:00,,,,,,
2020-09-24 00:00:00,,,,,,
2020-09-25 00:00:00,,,,,,
2020-09-28 00:00:00,,,,,,
2020-09-29 00:00:00,,,,,,
2020-09-30 00:00:00,,,,,,
2020-10-01 00:00:00,,,,,,
2020-10-02 00:00:00,,,,,,
2020-10-05 00:00:00,,,,,,
2020-10-06 00:00:00,,,,,,
2020-10-07 00:00:00,,,,,,
2020-10-08 00:00:00,,,,,,
2020-10-09 00:00:00,,,,,,
2020-10-12 00:00:00,,,,,,
2020-10-13 00:00:00,,,,,,
2020-10-14 00:00:00,,,,,,
2020-10-15 00:00:00,,,,,,
2020-10-16 00:00:00,,,,,,
2020-10-19 00:00:00,,,,,,
2020-10-20 00:00:00,,,,,,
2020-10-21 00:00:00,,,,,,
2020-10-22 00:00:00,,,,,,
2020-10-23 00:00:00,,,,,,
2020-10-26 00:00:00,,,,,,
2020-10-27 00:00:00,,,,,,
2020-10-28 00:00:00,,,,,,
2020-10-29 00:00:00,,,,,,
2020-10-30 00:00:00,,,,,,
2020-11-02 00:00:00,,,,,,
2020-11-03 00:00:00,,,,,,
2020-11-04 00:00:00,,,,,,
2020-11-05 00:00:00,,,,,,
2020-11-06 00:00:00,,,,,,
2020-11-09 00:00:00,,,,,,
2020-11-10 00:00:00,,,,,,
2020-11-11 00:00:00,,,,,,
2020-11-12 00:00:00,,,,,,
2020-11-13 00:00:00,,,,,,
2020-11-16 00:00:00,,,,,,
2020-11-17 00:00:00,,,,,,
2020-11-18 00:00:00,,,,,,
2020-11-19 00:00:00,,,,,,
2020-11-20 00:00:00,,,,,,
2020-11-23 00:00:00,,,,,,
2020-11-24 00:00:00,,,,,,
2020-11-25 00:00:00,,,,,,
2020-11-27 00:00:00,,,,,,
2020-11-30 00:00:00,,,,,,
2020-12-01 00:00:00,,,,,,
2020-12-02 00:00:00,,,,,,
2020-12-03 00:00:00,,,,,,
2020-12-04 00:00:00,,,,,,
2020-12-07 00:00:00,,,,,,
2020-12-08 00:00:00,,,,,,
2020-12-09 00:00:00,,,,,,
2020-12-10 00:00:00,,,,,,
2020-12-11 00:00:00,,,,,,
2020-12-14 00:00:00,,,,,,
2020-12-15 00:00:00,,,,,,
2020-12-16 00:00:00,,,,,,
2020-12-17 00:00:00,,,,,,
2020-12-18 00:00:00,,,,,,
2020-12-21 00:00:00,,,,,,
2020-12-22 00:00:00,,,,,,
2020-12-23 00:00:00,,,,,,
2020-12-24 00:00:00,,,,,,
2020-12-28 00:00:00,,,,,,
2020-12-29 00:00:00,,,,,,
2020-12-30 00:00:00,,,,,,
2020-12-31 00:00:00,,,,,,
2021-01-04 00:00:00,,,,,,
2021-01-05 00:00:00,,,,,,
2021-01-06 00:00:00,,,,,,
2021-01-07 00:00:00,,,,,,
2021-01-08 00:00:00,,,,,,
2021-01-11 00:00:00,,,,,,
2021-01-12 00:00:00,,,,,,
2021-01-13 00:00:00,,,,,,
2021-01-14 00:00:00,,,,,,
2021-01-15 00:00:00,,,,,,
2021-01-19 00:00:00,,,,,,
2021-01-20 00:00:00,,,,,,
2021-01-21 00:00:00,,,,,,
2021-01-22 00:00:00,,,,,,
2021-01-25 00:00:00,,,,,,
2021-01-26 00:00:00,,,,,,
2021-01-27 00:00:00,,,,,,
2021-01-28 00:00:00,,,,,,
2021-01-29 00:00:00,,,,,,
2021-02-01 00:00:00,,,,,,
2021-02-02 00:00:00,,,,,,
2021-02-03 00:00:00,,,,,,
2021-02-04 00:00:00,,,,,,
2021-02-05 00:00:00,,,,,,
2021-02-08 00:00:00,,,,,,
2021-02-09 00:00:00,,,,,,
2021-02-10 00:00:00,,,,,,
2021-02-11 00:00:00,,,,,,
2021-02-12 00:00:00,,,,,,
2021-02-16 00:00:00,,,,,,
2021-02-17 00:00:00,,,,,,
2021-02-18 00:00:00,,,,,,
2021-02-19 00:00:00,,,,,,
2021-02-22 00:00:00,,,,,,
2021-02-23 00:00:00,,,,,,
2021-02-24 00:00:00,,,,,,
2021-02-25 00:00:00,,,,,,
2021-02-26 00:00:00,,,,,,
2021-03-01 00:00:00,,,,,,
2021-03-02 00:00:00,,,,,,
2021-03-03 00:00:00,,,,,,
2021-03-04 00:00:00,,,,,,
2021-03-05 00:00:00,,,,,,
2021-03-08 00:00:00,,,,,,
2021-03-09 00:00:00,,,,,,
2021-03-10 00:00:00,,,,,,
2021-03-11 00:00:00,,,,,,
2021-03-12 00:00:00,,,,,,
2021-03-15 00:00:00,,,,,,
2021-03-16 00:00:00,,,,,,
2021-03-17 00:00:00,,,,,,
2021-03-18 00:00:00,,,,,,
2021-03-19 00:00:00,,,,,,
2021-03-22 00:00:00,,,,,,
2021-03-23 00:00:00,,,,,,
2021-03-24 00:00:00,,,,,,
2021-03-25 00:00:00,,,,,,
2021-03-26 00:00:00,,,,,,
2021-03-29 00:00:00,,,,,,
2021-03-30 00:00:00,,,,,,
2021-03-31 00:00:00,,,,,,
2021-04-01 00:00:00,,,,,,
2021-04-05 00:00:00,,,,,,
2021-04-06 00:00:00,,,,,,
2021-04-07 00:00:00,,,,,,
2021-04-08 00:00:00,,,,,,
2021-04-09 00:00:00,,,,,,
2021-04-12 00:00:00,,,,,,
2021-04-13 00:00:00,,,,,,
2021-04-14 00:00:00,,,,,,
2021-04-15 00:00:00,,,,,,
2021-04-16 00:00:00,,,,,,
2021-04-19 00:00:00,,,,,,
2021-04-20 00:00:00,,,,,,
2021-04-21 00:00:00,,,,,,
2021-04-22 00:00:00,,,,,,
2021-04-23 00:00:00,,,,,,
2021-04-26 00:00:00,,,,,,
2021-04-27 00:00:00,,,,,,
